
 >>> PYTHIA settings will be read from file pythia_card.txt <<< 
 >>> HepMC events will be written to file events.hepmc <<< 


 *------------------------------------------------------------------------------------* 
 |                                                                                    | 
 |  *------------------------------------------------------------------------------*  | 
 |  |                                                                              |  | 
 |  |                                                                              |  | 
 |  |   PPP   Y   Y  TTTTT  H   H  III    A      Welcome to the Lund Monte Carlo!  |  | 
 |  |   P  P   Y Y     T    H   H   I    A A     This is PYTHIA version 8.310      |  | 
 |  |   PPP     Y      T    HHHHH   I   AAAAA    Last date of change: 25 Jul 2023  |  | 
 |  |   P       Y      T    H   H   I   A   A                                      |  | 
 |  |   P       Y      T    H   H  III  A   A    Now is 17 Mar 2026 at 00:28:54    |  | 
 |  |                                                                              |  | 
 |  |   Program documentation and an archive of historic versions is found on:     |  | 
 |  |                                                                              |  | 
 |  |                               https://pythia.org/                            |  | 
 |  |                                                                              |  | 
 |  |   PYTHIA is authored by a collaboration consisting of:                       |  | 
 |  |                                                                              |  | 
 |  |   Christian Bierlich, Naomi Cooke, Nishita Desai, Leif Gellersen,            |  | 
 |  |   Ilkka Helenius, Philip Ilten, Leif Lonnblad, Stephen Mrenna,               |  | 
 |  |   Stefan Prestel, Christian Preuss, Torbjorn Sjostrand, Peter Skands,        |  | 
 |  |   Marius Utheim and Rob Verheyen.                                            |  | 
 |  |                                                                              |  | 
 |  |   The complete list of authors, including contact information and            |  | 
 |  |   affiliations, can be found on https://pythia.org/.                         |  | 
 |  |   Problems or bugs should be reported on email at authors@pythia.org.        |  | 
 |  |                                                                              |  | 
 |  |   The main program reference is C. Bierlich et al,                           |  | 
 |  |   'A comprehensive guide to the physics and usage of Pythia 8.3',            |  | 
 |  |   SciPost Phys. Codebases 8-r8.3 (2022) [arXiv:2203.11601 [hep-ph]]          |  | 
 |  |                                                                              |  | 
 |  |   PYTHIA is released under the GNU General Public Licence version 2 or later.|  | 
 |  |   Please respect the MCnet Guidelines for Event Generator Authors and Users. |  | 
 |  |                                                                              |  | 
 |  |   Disclaimer: this program comes without any guarantees.                     |  | 
 |  |   Beware of errors and use common sense when interpreting results.           |  | 
 |  |                                                                              |  | 
 |  |   Copyright (C) 2023 Torbjorn Sjostrand                                      |  | 
 |  |                                                                              |  | 
 |  |                                                                              |  | 
 |  *------------------------------------------------------------------------------*  | 
 |                                                                                    | 
 *------------------------------------------------------------------------------------* 

LHAPDF 6.5.3 loading /cvmfs/sft.cern.ch/lcg/external/lhapdfsets/current/NNPDF31_nnlo_as_0118/NNPDF31_nnlo_as_0118_0000.dat
NNPDF31_nnlo_as_0118 PDF set, member #0, version 1; LHAPDF ID = 303600
LHAPDF 6.5.3 loading /cvmfs/sft.cern.ch/lcg/external/lhapdfsets/current/NNPDF31_nnlo_as_0118/NNPDF31_nnlo_as_0118_0000.dat
NNPDF31_nnlo_as_0118 PDF set, member #0, version 1; LHAPDF ID = 303600

 *-------  PYTHIA Process Initialization  --------------------------*
 |                                                                  |
 | We collide p+ with p+ at a CM energy of 1.360e+04 GeV            |
 |                                                                  |
 |------------------------------------------------------------------|
 |                                                    |             |
 | Subprocess                                    Code |   Estimated |
 |                                                    |    max (mb) |
 |                                                    |             |
 |------------------------------------------------------------------|
 |                                                    |             |
 | f fbar -> Zv                                  4941 |   2.150e-09 |
 |                                                                  |
 *-------  End PYTHIA Process Initialization -----------------------*
 PYTHIA Warning in SimpleTimeShower::init: pTmin too low , raised to 0.611

 *-------  PYTHIA Multiparton Interactions Initialization  ---------* 
 |                                                                  | 
 |                   sigmaNonDiffractive =    55.42 mb              | 
 |                                                                  | 
 |    pT0 =  1.44 gives sigmaInteraction =   497.31 mb: accepted    | 
 |                                                                  | 
 *-------  End PYTHIA Multiparton Interactions Initialization  -----* 

 *-------  PYTHIA Flag + Mode + Parm + Word + FVec + MVec + PVec + WVec Settings (changes only)  ------------------* 
 |                                                                                                                 | 
 | Name                                          |                      Now |      Default         Min         Max | 
 |                                               |                          |                                      | 
 | Beams:eCM                                     |                13600.000 |    14000.000         0.0             | 
 | Check:epTolErr                                |                0.0100000 |   1.0000e-04                         | 
 | ColourReconnection:range                      |                  5.17600 |      1.80000         0.0    10.00000 | 
 | HiddenValley:alphaOrder                       |                        1 |            0           0           3 | 
 | HiddenValley:ffbar2Zv                         |                       on |          off                         | 
 | HiddenValley:fragment                         |                       on |          off                         | 
 | HiddenValley:FSR                              |                       on |          off                         | 
 | HiddenValley:Lambda                           |                 35.15390 |      0.40000   0.0100000             | 
 | HiddenValley:nFlav                            |                        2 |            1           1           8 | 
 | HiddenValley:Ngauge                           |                        2 |            3           1             | 
 | Main:timesAllowErrors                         |                    10000 |           10           0             | 
 | MultipartonInteractions:alphaSorder           |                        2 |            1           0           3 | 
 | MultipartonInteractions:alphaSvalue           |                  0.11800 |      0.13000   0.0600000     0.25000 | 
 | MultipartonInteractions:bProfile              |                        2 |            3           0           4 | 
 | MultipartonInteractions:coreFraction          |                  0.63000 |      0.50000         0.0     1.00000 | 
 | MultipartonInteractions:coreRadius            |                  0.76340 |      0.40000     0.10000     1.00000 | 
 | MultipartonInteractions:ecmPow                |                0.0334400 |      0.21500         0.0     0.50000 | 
 | MultipartonInteractions:pT0Ref                |                  1.41000 |      2.28000     0.50000    10.00000 | 
 | ParticleDecays:allowPhotonRadiation           |                       on |          off                         | 
 | ParticleDecays:limitTau0                      |                       on |          off                         | 
 | PDF:pSet                                      | LHAPDF6:NNPDF31_nnlo_as_0118 |           13                     | 
 | SigmaProcess:alphaSorder                      |                        2 |            1           0           3 | 
 | SigmaProcess:alphaSvalue                      |                  0.11800 |      0.13000   0.0600000     0.25000 | 
 | SigmaTotal:mode                               |                        0 |            1           0           4 | 
 | SigmaTotal:sigmaEl                            |                 21.89000 |     25.00000         0.0             | 
 | SigmaTotal:sigmaTot                           |                100.30900 |    100.00000         0.0             | 
 | SigmaTotal:zeroAXB                            |                      off |           on                         | 
 | SLHA:minMassSM                                |                 1000.000 |    100.00000                         | 
 | SpaceShower:alphaSorder                       |                        2 |            1           0           3 | 
 | SpaceShower:alphaSvalue                       |                  0.11800 |      0.13650   0.0600000     0.25000 | 
 | TimeShower:alphaSorder                        |                        2 |            1           0           3 | 
 | TimeShower:alphaSvalue                        |                  0.11800 |      0.13650   0.0600000     0.25000 | 
 |                                                                                                                 | 
 *-------  End PYTHIA Flag + Mode + Parm + Word + FVec + MVec + PVec + WVec Settings  -----------------------------* 

 --------  PYTHIA Particle Data Table (changed only)  ------------------------------------------------------------------------------
 
      id   name            antiName         spn chg col      m0        mWidth      mMin       mMax       tau0    res dec ext vis wid
             no onMode   bRatio   meMode     products 

      51  DM(s=0)          DMbar(s=0)         1   0   0    0.00000    0.00000    0.00000    0.00000  0.00000e+00   0   0   0   0   0

      52  DM(s=1/2)        DMbar(s=1/2)       2   0   0    0.00000    0.00000    0.00000    0.00000  0.00000e+00   0   0   0   0   0

      53  DM(s=1)          DMbar(s=1)         3   0   0    0.00000    0.00000    0.00000    0.00000  0.00000e+00   0   0   0   0   0

 4900001  Dv               Dvbar              1  -1   1  1.000e+04  1.000e+00  5.000e+01  0.000e+00  1.97327e-13   1   1   0   1   0
              0     1   1.0000000  103        1  4900101 

 4900002  Uv               Uvbar              1   2   1  1.000e+04  1.000e+00  5.000e+01  0.000e+00  1.97327e-13   1   1   0   1   0
              0     1   1.0000000  103        2  4900101 

 4900003  Sv               Svbar              1  -1   1  1.000e+04  1.000e+00  5.000e+01  0.000e+00  1.97327e-13   1   1   0   1   0
              0     1   1.0000000  103        3  4900101 

 4900004  Cv               Cvbar              1   2   1  1.000e+04  1.000e+00  5.000e+01  0.000e+00  1.97327e-13   1   1   0   1   0
              0     1   1.0000000  103        4  4900101 

 4900005  Bv               Bvbar              1  -1   1  1.000e+04  1.000e+00  5.000e+01  0.000e+00  1.97327e-13   1   1   0   1   0
              0     1   1.0000000  103        5  4900101 

 4900006  Tv               Tvbar              1   2   1  1.000e+04  1.000e+00  5.000e+01  0.000e+00  1.97327e-13   1   1   0   1   0
              0     1   1.0000000  103        6  4900101 

 4900011  Ev               Evbar              1  -3   0  1.000e+04  1.000e+00  5.000e+01  0.000e+00  1.97327e-13   1   1   0   1   0
              0     1   1.0000000  103       11  4900101 

 4900012  nuEv             nuEvbar            1   0   0  1.000e+04  1.000e+00  5.000e+01  0.000e+00  1.97327e-13   1   1   0   0   0
              0     1   1.0000000  103       12  4900101 

 4900013  MUv              MUvbar             1  -3   0  1.000e+04  1.000e+00  5.000e+01  0.000e+00  1.97327e-13   1   1   0   1   0
              0     1   1.0000000  103       13  4900101 

 4900014  nuMUv            nuMUvbar           1   0   0  1.000e+04  1.000e+00  5.000e+01  0.000e+00  1.97327e-13   1   1   0   0   0
              0     1   1.0000000  103       14  4900101 

 4900015  TAUv             TAUvbar            1  -3   0  1.000e+04  1.000e+00  5.000e+01  0.000e+00  1.97327e-13   1   1   0   1   0
              0     1   1.0000000  103       15  4900101 

 4900016  nuTAUv           nuTAUvbar          1   0   0  1.000e+04  1.000e+00  5.000e+01  0.000e+00  1.97327e-13   1   1   0   0   0
              0     1   1.0000000  103       16  4900101 

 4900023  Zv                                  3   0   0  2.000e+03  1.127e+02  1.436e+03  2.564e+03  1.75036e-15   1   1   0   1   0
              0     1   0.2352945  102  4900101 -4900101 
              1     1   0.2352945  102  4900102 -4900102 
              2     0   0.0882352  102        1       -1 
              3     0   0.0882352  102        2       -2 
              4     0   0.0882352  102        3       -3 
              5     0   0.0882352  102        4       -4 
              6     0   0.0882352  102        5       -5 
              7     0   0.0882352  102        6       -6 

 4900101  qv1              qv1bar             2   0   0   10.00000    0.00000   10.00000   10.00000  0.00000e+00   0   0   0   0   0

 4900102  qv2              qv2bar             2   0   0   10.00000    0.00000    5.00000    5.00000  0.00000e+00   0   0   0   0   0

 4900103  qv3              qv3bar             2   0   0   10.00000    0.00000    5.00000    5.00000  0.00000e+00   0   0   0   0   0

 4900104  qv4              qv4bar             2   0   0   10.00000    0.00000    5.00000    5.00000  0.00000e+00   0   0   0   0   0

 4900105  qv5              qv5bar             2   0   0   10.00000    0.00000    5.00000    5.00000  0.00000e+00   0   0   0   0   0

 4900106  qv6              qv6bar             2   0   0   10.00000    0.00000    5.00000    5.00000  0.00000e+00   0   0   0   0   0

 4900107  qv7              qv7bar             2   0   0   10.00000    0.00000    5.00000    5.00000  0.00000e+00   0   0   0   0   0

 4900108  qv8              qv8bar             2   0   0   10.00000    0.00000    5.00000    5.00000  0.00000e+00   0   0   0   0   0

 4900111  pivDiag          pivDiagbar         1   0   0   60.47000    0.00000   60.47000   60.47000  0.00000e+00   0   1   0   0   0
              0     1   0.3000000    0       51      -51 
              1     1   0.0007432   91        1       -1 
              2     1   0.0006792   91        2       -2 
              3     1   0.0024809   91        3       -3 
              4     1   0.0430380   91        4       -4 
              5     1   0.6530590   91        5       -5 

 4900113  rhovDiag         rhovDiagbar        3   0   0   12.84000    0.00000   12.84000   12.84000  0.00000e+00   0   1   0   0   0
              0     1   0.3000000    0       53      -53 
              1     1   0.1400000   91        1       -1 
              2     1   0.1400000   91        2       -2 
              3     1   0.1400000   91        3       -3 
              4     1   0.1400000   91        4       -4 
              5     1   0.1400000   91        5       -5 

 4900211  pivUp            pivDn              1   0   0   60.47000    0.00000   60.47000   60.47000  0.00000e+00   0   1   0   0   0
              0     1   0.3000000    0       51      -51 
              1     1   0.0007432   91        1       -1 
              2     1   0.0006792   91        2       -2 
              3     1   0.0024809   91        3       -3 
              4     1   0.0430380   91        4       -4 
              5     1   0.6530590   91        5       -5 

 4900213  rhovUp           rhovDn             3   0   0   12.84000    0.00000   12.84000   12.84000  0.00000e+00   0   1   0   0   0
              0     1   0.3000000    0       53      -53 
              1     1   0.1400000   91        1       -1 
              2     1   0.1400000   91        2       -2 
              3     1   0.1400000   91        3       -3 
              4     1   0.1400000   91        4       -4 
              5     1   0.1400000   91        5       -5 

 4901114  Deltav           Deltavbar          4   0   0   15.00000    0.00000   15.00000   15.00000  0.00000e+00   0   0   0   0   0

 --------  End PYTHIA Particle Data Table  -----------------------------------------------------------------------------------------

 PYTHIA Warning in SimpleSpaceShower::pT2nextQCD: weight above unity

 --------  PYTHIA Info Listing  ---------------------------------------- 
 
 Beam A: id =   2212, pz =  6.800e+03, e =  6.800e+03, m =  9.383e-01.
 Beam B: id =   2212, pz = -6.800e+03, e =  6.800e+03, m =  9.383e-01.

 In 1: id =    2, x =  9.168e-02, pdf =  5.675e-01 at Q2 =  3.630e+06.
 In 2: id =   -2, x =  2.140e-01, pdf =  1.609e-02 at same Q2.

 Subprocess f fbar -> Zv with code 4941 is 2 -> 1.
 It has sHat =  3.630e+06.
     alphaEM =  8.096e-03,  alphaS =  8.308e-02    at Q2 =  3.630e+06.

 Impact parameter b =  1.968e-01 gives enhancement factor =  4.225e+00.
 Max pT scale for MPI =  1.360e+04, ISR =  1.360e+04, FSR =  1.360e+04.
 Number of MPI =    40, ISR =    41, FSRproc =    87, FSRreson =     5.

 --------  End PYTHIA Info Listing  ------------------------------------

 --------  PYTHIA Event Listing  (hard process)  -----------------------------------------------------------------------------------
 
    no         id  name            status     mothers   daughters     colours      p_x        p_y        p_z         e          m 
     0         90  (system)           -11     0     0     0     0     0     0      0.000      0.000      0.000  13600.000  13600.000
     1       2212  (p+)               -12     0     0     3     0     0     0      0.000      0.000   6800.000   6800.000      0.938
     2       2212  (p+)               -12     0     0     4     0     0     0      0.000      0.000  -6800.000   6800.000      0.938
     3          2  (u)                -21     1     0     5     0   101     0      0.000      0.000    623.429    623.429      0.000
     4         -2  (ubar)             -21     2     0     5     0     0   101      0.000      0.000  -1455.528   1455.528      0.000
     5    4900023  (Zv)               -22     3     4     6     7     0     0      0.000      0.000   -832.099   2078.957   1905.170
     6    4900102  qv2                 23     5     0     0     0     0     0   -366.370    193.912  -1351.886   1414.045     10.000
     7   -4900102  qv2bar              23     5     0     0     0     0     0    366.370   -193.912    519.786    664.911     10.000
                                   Charge sum:  0.000           Momentum sum:      0.000      0.000   -832.099   2078.957   1905.170

 --------  End PYTHIA Event Listing  -----------------------------------------------------------------------------------------------

 --------  PYTHIA Event Listing  (complete event)  ---------------------------------------------------------------------------------
 
    no         id  name            status     mothers   daughters     colours      p_x        p_y        p_z         e          m 
     0         90  (system)           -11     0     0     0     0     0     0      0.000      0.000      0.000  13600.000  13600.000
     1       2212  (p+)               -12     0     0   687     0     0     0      0.000      0.000   6800.000   6800.000      0.938
     2       2212  (p+)               -12     0     0   688     0     0     0      0.000      0.000  -6800.000   6800.000      0.938
     3          2  (u)                -21     6     0     5     0   101     0      0.000      0.000    623.429    623.429      0.000
     4         -2  (ubar)             -21     7     7     5     0     0   101      0.000      0.000  -1455.528   1455.528      0.000
     5    4900023  (Zv)               -22     3     4     8     8     0     0      0.000      0.000   -832.099   2078.957   1905.170
     6          2  (u)                -41    10     0     9     3   101     0      0.000      0.000    677.852    677.852      0.000
     7         -2  (ubar)             -42    11    11     4     4     0   101      0.000      0.000  -1455.528   1455.528      0.000
     8    4900023  (Zv)               -44     5     5    12    12     0     0    -50.992    -57.621   -768.976   2055.946   1905.170
     9         22  (gamma)            -43     6     0    13    13     0     0     50.992     57.621     -8.700     77.434      0.000
    10          2  (u)                -41    19     0    14     6   103     0     -0.000      0.000    697.195    697.195      0.000
    11         -2  (ubar)             -42    20    20     7     7     0   101      0.000      0.000  -1455.528   1455.528      0.000
    12    4900023  (Zv)               -44     8     8    21    21     0     0    -26.250    -48.121   -740.141   2044.623   1905.170
    13         22  (gamma)            -44     9     9    22    22     0     0     52.313     58.128     -9.055     78.724      0.000
    14         21  (g)                -43    10     0    23    23   103   101    -26.063    -10.007     -9.137     29.375      0.000
    15         21  (g)                -31    25     0    17    18   105   104      0.000      0.000      1.209      1.209      0.000
    16         21  (g)                -31    26    26    17    18   107   106      0.000      0.000    -48.544     48.544      0.000
    17         21  (g)                -33    15    16    27    27   107   104     -5.976     -2.676    -36.580     37.161      0.000
    18         21  (g)                -33    15    16    28    28   105   106      5.976      2.676    -10.755     12.592      0.000
    19          2  (u)                -41    71    71    24    10   108     0     -0.000      0.000    707.734    707.734      0.000
    20         -2  (ubar)             -42    72     0    11    11     0   101     -0.000      0.000  -1455.528   1455.528      0.000
    21    4900023  (Zv)               -44    12    12    73    73     0     0    -21.405    -50.557   -738.964   2044.200   1905.170
    22         22  (gamma)            -44    13    13    74    74     0     0     52.572     57.998     -9.096     78.805      0.000
    23         21  (g)                -44    14    14    75    75   103   101    -25.988    -10.045     -9.042     29.292      0.000
    24         21  (g)                -43    19     0    76    76   108   103     -5.179      2.604      9.308     10.965      0.000
    25          1  (d)                -41    30     0    29    15   105     0      0.000      0.000     11.495     11.495      0.000
    26         21  (g)                -42    31    31    16    16   107   106     -0.000     -0.000    -48.544     48.544      0.000
    27         21  (g)                -44    17    17    32    32   107   104     -6.628     -3.589    -43.891     44.533      0.000
    28         21  (g)                -44    18    18    33    33   105   106      3.918     -0.207     -2.780      4.809      0.000
    29          1  (d)                -43    25     0    34    34   104     0      2.709      3.796      9.622     10.697      0.330
    30         21  (g)                -41    60    60    35    25   105   109     -0.000     -0.000    129.803    129.803      0.000
    31         21  (g)                -42    61     0    26    26   107   106     -0.000     -0.000    -48.544     48.544      0.000
    32         21  (g)                -44    27    27    62    62   107   104     -6.670     -3.708    -44.547     45.195      0.000
    33         21  (g)                -44    28    28    63    63   105   106      3.786     -0.582     -2.556      4.605      0.000
    34          1  (d)                -44    29    29    64    64   104     0      1.385      0.036     10.212     10.311      0.330
    35         -1  (dbar)             -43    30     0    65    65     0   109      1.498      4.254    118.149    118.236      0.330
    36         21  (g)                -31   202     0    38    39   110   111      0.000      0.000      1.654      1.654      0.000
    37         21  (g)                -31   203   203    38    39   112   113      0.000      0.000     -9.545      9.545      0.000
    38         21  (g)                -33    36    37   204   204   110   113     -3.711     -1.361     -4.518      6.003      0.000
    39         21  (g)                -33    36    37   205   205   112   111      3.711      1.361     -3.373      5.196      0.000
    40         21  (g)                -31    48    48    42    43   114   115      0.000      0.000    249.294    249.294      0.000
    41         21  (g)                -31    49     0    42    43   116   117      0.000      0.000     -0.732      0.732      0.000
    42         21  (g)                -33    40    41    50    50   114   117     -2.452     -2.926    244.200    244.230      0.000
    43         21  (g)                -33    40    41    51    51   116   115      2.452      2.926      4.362      5.797      0.000
    44         21  (g)                -31   740   740    46    47   120   119      0.000      0.000    109.707    109.707      0.000
    45         -2  (ubar)             -31    59    59    46    47     0   118      0.000      0.000     -0.240      0.240      0.000
    46         21  (g)                -33    44    45    57    58   120   118      1.661      3.266     93.112     93.184      0.000
    47         -2  (ubar)             -33    44    45   743   743     0   119     -1.661     -3.266     16.355     16.764      0.330
    48         21  (g)                -42   439   439    40    40   114   115      0.000      0.000    249.294    249.294      0.000
    49         21  (g)                -41   732   732    52    41   121   117      0.000      0.000     -7.446      7.446      0.000
    50         21  (g)                -44    42    42   733   733   114   117     -2.518     -2.960    248.044    248.075      0.000
    51         21  (g)                -44    43    43   207   208   116   115     -0.697      1.304      0.015      1.479      0.000
    52         21  (g)                -43    49     0   209   209   121   116      3.215      1.656     -6.210      7.187      0.000
    53         21  (g)                -31   110     0    55    56   123   124      0.000      0.000      0.463      0.463      0.000
    54          1  (d)                -31   111   111    55    56   122     0      0.000      0.000   -271.747    271.747      0.000
    55         21  (g)                -33    53    54   112   112   122   124      2.494      2.452     -6.315      7.219      0.000
    56          1  (d)                -33    53    54   113   113   123     0     -2.494     -2.452   -264.968    264.992      0.330
    57         21  (g)                -51    46     0   742   742   120   125     -0.673      2.234     81.856     81.889      0.000
    58         21  (g)                -51    46     0   744   744   125   118      2.335      1.032     11.131     11.420      0.000
    59         -2  (ubar)             -53   741   741    45    45     0   118      0.000      0.000     -0.365      0.365      0.000
    60         21  (g)                -42   703   703    30    30   105   109      0.000      0.000    129.803    129.803      0.000
    61         21  (g)                -41   545   545    66    31   107   126     -0.000     -0.000    -53.921     53.921      0.000
    62         21  (g)                -44    32    32    80    80   107   104     -9.076     -5.485    -44.442     45.690      0.000
    63         21  (g)                -44    33    33   706   706   105   106      3.594     -0.724     -2.661      4.530      0.000
    64          1  (d)                -44    34    34    78    79   104     0      1.382      0.034     10.130     10.229      0.330
    65         -1  (dbar)             -44    35    35   708   708     0   109      1.496      4.253    117.514    117.601      0.330
    66         21  (g)                -43    61     0   617   618   106   126      2.603      1.923     -4.660      5.673      0.000
    67         21  (g)                -31   167     0    69    70   128   127      0.000      0.000     74.317     74.317      0.000
    68         21  (g)                -31   168   168    69    70   127   129      0.000      0.000     -0.629      0.629      0.000
    69         21  (g)                -33    67    68   169   169   130   129     -1.663     -2.740      3.743      4.928      0.000
    70         21  (g)                -33    67    68   170   170   128   130      1.663      2.740     69.945     70.018      0.000
    71          2  (u)                -42    85     0    19    19   108     0     -0.000      0.000    707.734    707.734      0.000
    72         -2  (ubar)             -41    86    86    77    20     0   131      0.000     -0.000  -1462.985   1462.985      0.000
    73    4900023  (Zv)               -44    21    21    87    87     0     0    -22.503    -47.869   -739.994   2044.520   1905.170
    74         22  (gamma)            -44    22    22    88    88     0     0     52.537     58.083     -9.099     78.845      0.000
    75         21  (g)                -44    23    23    89    89   103   101    -26.003    -10.008     -9.055     29.297      0.000
    76         21  (g)                -44    24    24    90    90   108   103     -5.179      2.606      9.307     10.965      0.000
    77         21  (g)                -43    72     0    91    91   101   131      1.148     -2.811     -6.409      7.092      0.000
    78          1  (d)                -51    64     0   127   128   132     0      2.452      2.277      8.609      9.242      0.330
    79         21  (g)                -51    64     0   129   129   104   132     -1.446     -2.471     -0.321      2.881      0.000
    80         21  (g)                -52    62    62   195   195   107   104     -8.700     -5.258    -42.600     43.796      0.000
    81         21  (g)                -31   141   141    83    84   134   133      0.000      0.000      2.095      2.095      0.000
    82         21  (g)                -31   142     0    83    84   136   135      0.000      0.000    -23.223     23.223      0.000
    83         21  (g)                -33    81    82   143   143   136   133      2.530     -1.344      0.978      3.027      0.000
    84         21  (g)                -33    81    82   144   144   134   135     -2.530      1.344    -22.106     22.291      0.000
    85          2  (u)                -41   396   396    92    71   137     0     -0.000      0.000    736.413    736.413      0.000
    86         -2  (ubar)             -42   397     0    72    72     0   131      0.000     -0.000  -1462.985   1462.985      0.000
    87    4900023  (Zv)               -44    73    73   398   398     0     0    -21.161    -50.085   -739.955   2044.544   1905.170
    88         22  (gamma)            -44    74    74   399   399     0     0     52.609     57.964     -9.051     78.800      0.000
    89         21  (g)                -44    75    75   153   154   103   101    -25.982    -10.042     -9.044     29.287      0.000
    90         21  (g)                -44    76    76   155   155   108   103     -5.159      2.572      9.317     10.956      0.000
    91         21  (g)                -44    77    77   181   182   101   131      1.149     -2.813     -6.415      7.098      0.000
    92         21  (g)                -43    85     0   403   403   137   108     -1.456      2.403     28.575     28.713      0.000
    93         21  (g)                -31    97    97    95    96   139   138      0.000      0.000     73.088     73.088      0.000
    94         21  (g)                -31    98     0    95    96   141   140      0.000      0.000     -5.115      5.115      0.000
    95         21  (g)                -33    93    94    99    99   141   138     -2.417     -1.403     -4.704      5.472      0.000
    96         21  (g)                -33    93    94   100   100   139   140      2.417      1.403     72.678     72.731      0.000
    97         21  (g)                -42   135     0    93    93   139   138      0.000      0.000     73.088     73.088      0.000
    98         21  (g)                -41   136   136   101    94   142   140     -0.000     -0.000    -41.682     41.682      0.000
    99         21  (g)                -44    95    95   137   137   141   138     -2.440     -3.973     -4.051      6.177      0.000
   100         21  (g)                -44    96    96   138   138   139   140      2.417      1.389     71.953     72.007      0.000
   101         21  (g)                -43    98     0   139   139   142   141      0.023      2.584    -36.496     36.587      0.000
   102          1  (d)                -31   302   302   104   105   143     0      0.000      0.000    108.152    108.152      0.000
   103          3  (s)                -31   303     0   104   105   144     0      0.000      0.000     -0.234      0.234      0.000
   104          1  (d)                -33   102   103   304   304   144     0      1.481     -2.072    100.403    100.436      0.330
   105          3  (s)                -33   102   103   305   305   143     0     -1.481      2.072      7.515      7.951      0.500
   106          2  (u)                -31   162   162   108   109   145     0      0.000      0.000      1.769      1.769      0.000
   107         21  (g)                -31   163     0   108   109   146   147      0.000      0.000    -66.214     66.214      0.000
   108          2  (u)                -33   106   107   164   164   146     0     -2.324      0.896      0.841      2.649      0.330
   109         21  (g)                -33   106   107   165   165   145   147      2.324     -0.896    -65.286     65.333      0.000
   110         21  (g)                -41   440     0   114    53   123   148     -0.000     -0.000     51.978     51.978      0.000
   111          1  (d)                -42   441   441    54    54   122     0      0.000      0.000   -271.747    271.747      0.000
   112         21  (g)                -44    55    55   318   318   122   124      1.117      0.461     -0.341      1.256      0.000
   113          1  (d)                -44    56    56   443   443   123     0     -2.529     -2.503   -270.907    270.931      0.330
   114         21  (g)                -43   110     0   316   317   124   148      1.412      2.042     51.479     51.539      0.000
   115         21  (g)                -31   176   176   117   118   150   149      0.000      0.000    513.016    513.016      0.000
   116         21  (g)                -31   177     0   117   118   149   151      0.000      0.000     -0.136      0.136      0.000
   117         21  (g)                -33   115   116   178   178   152   151     -1.691      1.683     10.580     10.846      0.000
   118         21  (g)                -33   115   116   179   179   150   152      1.691     -1.683    502.300    502.305      0.000
   119         21  (g)                -31   130     0   121   122   154   155      0.000      0.000    371.115    371.115      0.000
   120          2  (u)                -31   131   131   121   122   153     0      0.000      0.000    -80.258     80.258      0.000
   121         21  (g)                -33   119   120   132   132   153   155     -1.576     -1.765    371.093    371.101      0.000
   122          2  (u)                -33   119   120   133   133   154     0      1.576      1.765    -80.237     80.273      0.330
   123         -1  (dbar)             -31   186   186   125   126     0   156      0.000      0.000      2.043      2.043      0.000
   124         21  (g)                -31   427   427   125   126   158   157      0.000      0.000    -70.069     70.069      0.000
   125         -1  (dbar)             -33   123   124   425   426     0   157     -1.148     -1.984      1.362      2.686      0.330
   126         21  (g)                -33   123   124   184   185   158   156      1.148      1.984    -69.388     69.426      0.000
   127          1  (d)                -51    78     0   707   707   159     0      1.361      3.081      3.969      5.216      0.330
   128         21  (g)                -51    78     0   366   367   132   159      0.682     -1.501      4.549      4.839      0.000
   129         21  (g)                -52    79    79   193   194   104   132     -1.038     -1.774     -0.230      2.068      0.000
   130         21  (g)                -41   156   156   134   119   160   155      0.000     -0.000    377.871    377.871      0.000
   131          2  (u)                -42   157     0   120   120   153     0      0.000     -0.000    -80.258     80.258      0.000
   132         21  (g)                -44   121   121   158   158   153   155     -3.046     -0.289    371.958    371.971      0.000
   133          2  (u)                -44   122   122   159   159   154     0      1.576      1.765    -80.050     80.086      0.330
   134         21  (g)                -43   130     0   160   160   160   154      1.470     -1.476      5.705      6.073      0.000
   135         21  (g)                -41   146     0   140    97   139   161     -0.000     -0.000     77.327     77.327      0.000
   136         21  (g)                -42   147   147    98    98   142   140      0.000      0.000    -41.682     41.682      0.000
   137         21  (g)                -44    99    99   148   148   141   138     -2.429     -3.946     -3.942      6.083      0.000
   138         21  (g)                -44   100   100   149   149   139   140      3.173      3.282     72.436     72.580      0.000
   139         21  (g)                -44   101   101   150   150   142   141      0.023      2.586    -36.263     36.355      0.000
   140         21  (g)                -43   135     0   151   151   138   161     -0.768     -1.922      3.413      3.991      0.000
   141         21  (g)                -42   187   187    81    81   134   133     -0.000      0.000      2.095      2.095      0.000
   142         21  (g)                -41   188     0   145    82   162   135      0.000     -0.000    -31.337     31.337      0.000
   143         21  (g)                -44    83    83   189   189   136   133      2.522     -1.263      0.654      2.895      0.000
   144         21  (g)                -44    84    84   190   190   134   135     -2.699      3.114    -24.105     24.455      0.000
   145         21  (g)                -43   142     0   191   191   162   136      0.177     -1.851     -5.790      6.082      0.000
   146         21  (g)                -41   286   286   152   135   163   161     -0.000     -0.000    142.684    142.684      0.000
   147         21  (g)                -42   287     0   136   136   142   140     -0.000     -0.000    -41.682     41.682      0.000
   148         21  (g)                -44   137   137   288   288   141   138     -2.452     -3.964     -3.998      6.141      0.000
   149         21  (g)                -44   138   138   289   289   139   140      1.598      2.003     72.543     72.588      0.000
   150         21  (g)                -44   139   139   290   290   142   141      0.022      2.585    -36.211     36.303      0.000
   151         21  (g)                -44   140   140   291   291   138   161     -0.848     -1.987      3.390      4.020      0.000
   152         21  (g)                -43   146     0   292   292   163   139      1.679      1.364     65.278     65.314      0.000
   153         21  (g)                -51    89     0   183   183   164   101    -14.882     -3.404     -5.121     16.103      0.000
   154         21  (g)                -51    89     0   312   312   103   164    -11.262     -6.558     -3.631     13.528      0.000
   155         21  (g)                -52    90    90   310   311   108   103     -4.997      2.491      9.025     10.612      0.000
   156         21  (g)                -42   232     0   130   130   160   155     -0.000      0.000    377.871    377.871      0.000
   157          2  (u)                -41   233   233   161   131   165     0      0.000     -0.000   -115.229    115.229      0.000
   158         21  (g)                -44   132   132   201   201   153   155     -3.046     -0.289    371.954    371.966      0.000
   159          2  (u)                -44   133   133   235   235   154     0     -0.485      1.894    -80.065     80.090      0.330
   160         21  (g)                -44   134   134   236   236   160   154      1.465     -1.475      5.684      6.053      0.000
   161         21  (g)                -43   157     0   199   200   165   153      2.066     -0.130    -34.931     34.992      0.000
   162          2  (u)                -42   804   804   106   106   145     0      0.000     -0.000      1.769      1.769      0.000
   163          1  (d)                -41   591   591   166   107   146     0     -0.000      0.000  -1625.718   1625.718      0.000
   164          2  (u)                -44   108   108   589   590   146     0     -2.345      0.914      0.852      2.678      0.330
   165         21  (g)                -44   109   109   807   807   145   147      0.789      0.426    -65.920     65.926      0.000
   166          1  (d)                -43   163     0   808   808   147     0      1.556     -1.339  -1558.882   1558.883      0.330
   167         21  (g)                -41   757   757   171    67   166   127      0.000      0.000    703.931    703.931      0.000
   168         21  (g)                -42   758   758    68    68   127   129     -0.000     -0.000     -0.629      0.629      0.000
   169         21  (g)                -44    69    69   274   275   130   129     -1.745     -2.825      3.821      5.062      0.000
   170         21  (g)                -44    70    70   276   276   128   130      0.332      1.376     71.694     71.707      0.000
   171         21  (g)                -43   167     0   644   645   166   128      1.413      1.449    627.787    627.791      0.000
   172         21  (g)                -31   210   210   174   175   168   167      0.000      0.000      0.996      0.996      0.000
   173         21  (g)                -31   211     0   174   175   170   169      0.000      0.000    -15.726     15.726      0.000
   174         21  (g)                -33   172   173   212   212   170   167      0.004      1.927     -0.062      1.928      0.000
   175         21  (g)                -33   172   173   213   213   168   169     -0.004     -1.927    -14.668     14.794      0.000
   176         21  (g)                -42   810   810   115   115   150   149      0.000      0.000    513.016    513.016      0.000
   177         21  (g)                -41   811   811   180   116   171   151     -0.000     -0.000    -71.712     71.712      0.000
   178         21  (g)                -44   117   117   307   308   152   151     -3.279      0.703     20.746     21.015      0.000
   179         21  (g)                -44   118   118   309   309   150   152      1.658     -1.704    492.119    492.125      0.000
   180         21  (g)                -43   177     0   814   814   171   149      1.621      1.001    -71.562     71.587      0.000
   181         21  (g)                -51    91     0   356   356   172   131      1.304     -3.499     -5.145      6.357      0.000
   182         21  (g)                -51    91     0   354   355   101   172     -2.282      0.200     -2.002      3.042      0.000
   183         21  (g)                -52   153   153   400   400   164   101    -12.755     -2.918     -4.389     13.801      0.000
   184         21  (g)                -51   126     0   553   554   158   173     -0.778      2.353    -38.465     38.544      0.000
   185         21  (g)                -51   126     0   461   462   173   156      1.926     -0.369    -30.871     30.933      0.000
   186         -1  (dbar)             -53   463   463   123   123     0   156      0.000      0.000      2.095      2.095      0.000
   187         21  (g)                -42   215     0   141   141   134   133     -0.000     -0.000      2.095      2.095      0.000
   188         21  (g)                -41   216   216   192   142   162   174      0.000      0.000   -184.159    184.159      0.000
   189         21  (g)                -44   143   143   217   217   136   133      2.540     -1.198      0.593      2.870      0.000
   190         21  (g)                -44   144   144   196   197   134   135     -2.310      4.511    -24.412     24.932      0.000
   191         21  (g)                -44   145   145   219   219   162   136      0.272     -1.509     -5.934      6.129      0.000
   192         21  (g)                -43   188     0   198   198   135   174     -0.502     -1.803   -152.310    152.322      0.000
   193         21  (g)                -51   129     0   368   368   175   132     -2.104     -3.420     -3.577      5.378      0.000
   194         21  (g)                -51   129     0   611   612   104   175     -0.079      0.954     -2.263      2.457      0.000
   195         21  (g)                -52    80    80   543   544   107   104     -7.554     -4.566    -36.990     38.029      0.000
   196         21  (g)                -51   190     0   218   218   134   176     -0.505      4.500    -25.016     25.423      0.000
   197         21  (g)                -51   190     0   221   221   176   135     -1.857     -0.175    -15.045     15.160      0.000
   198         21  (g)                -52   192   192   220   220   135   174     -0.450     -1.618   -136.661    136.671      0.000
   199         21  (g)                -51   161     0   237   237   165   177      1.315     -1.241    -34.708     34.755      0.000
   200         21  (g)                -51   161     0   238   238   177   153      0.736      1.110      1.704      2.162      0.000
   201         21  (g)                -52   158   158   234   234   153   155     -3.030     -0.288    370.028    370.041      0.000
   202         21  (g)                -41   294   294   206    36   178   111      0.000     -0.000    492.120    492.120      0.000
   203         21  (g)                -42   295     0    37    37   112   113     -0.000      0.000     -9.545      9.545      0.000
   204         21  (g)                -44    38    38   240   241   110   113     -2.924     -1.458     -2.647      4.205      0.000
   205         21  (g)                -44    39    39   297   297   112   111      4.676      1.242     -5.161      7.074      0.000
   206         21  (g)                -43   202     0   242   242   178   110     -1.752      0.216    490.383    490.386      0.000
   207         21  (g)                -51    51     0   437   438   179   115      0.044     -0.649      0.248      0.696      0.000
   208         21  (g)                -51    51     0   561   561   116   179      1.096      2.900     -3.784      4.891      0.000
   209         21  (g)                -52    52    52   559   560   121   116      1.377      0.709     -2.660      3.078      0.000
   210         21  (g)                -42   315   315   172   172   168   167      0.000     -0.000      0.996      0.996      0.000
   211          2  (u)                -41   413   413   214   173   170     0     -0.000      0.000   -323.884    323.884      0.000
   212         21  (g)                -44   174   174   414   414   170   167     -0.065      2.011     -0.076      2.013      0.000
   213         21  (g)                -44   175   175   313   314   168   169     -1.027     -0.680    -15.443     15.492      0.000
   214          2  (u)                -43   211     0   416   416   169     0      1.093     -1.330   -307.370    307.375      0.330
   215         21  (g)                -41   277     0   222   187   134   180      0.000     -0.000     17.906     17.906      0.000
   216         21  (g)                -42   278   278   188   188   162   174     -0.000      0.000   -184.159    184.159      0.000
   217         21  (g)                -44   189   189   279   279   136   133      3.829     -1.771     -0.830      4.300      0.000
   218         21  (g)                -44   196   196   280   280   134   176     -0.354      4.433    -24.065     24.473      0.000
   219         21  (g)                -44   191   191   281   281   162   136      0.345     -1.542     -6.288      6.483      0.000
   220         21  (g)                -44   198   198   282   282   135   174     -0.446     -1.620   -136.470    136.480      0.000
   221         21  (g)                -44   197   197   283   283   176   135     -1.814     -0.194    -14.361     14.476      0.000
   222         21  (g)                -43   215     0   284   284   133   180     -1.560      0.693     15.760     15.852      0.000
   223         21  (g)                -31   227     0   225   226   181   182      0.000      0.000      2.371      2.371      0.000
   224         21  (g)                -31   228   228   225   226   183   181      0.000      0.000     -5.147      5.147      0.000
   225         21  (g)                -33   223   224   229   229   183   184     -0.834     -1.475     -4.675      4.973      0.000
   226         21  (g)                -33   223   224   230   230   184   182      0.834      1.475      1.899      2.545      0.000
   227         21  (g)                -41   857   857   231   223   181   185      0.000      0.000     94.478     94.478      0.000
   228         21  (g)                -42   858   858   224   224   183   181     -0.000     -0.000     -5.147      5.147      0.000
   229         21  (g)                -44   225   225   260   261   183   184     -0.807     -1.373     -3.858      4.174      0.000
   230         21  (g)                -44   226   226   262   262   184   182      1.239      3.009      1.233      3.480      0.000
   231         21  (g)                -43   227     0   363   364   182   185     -0.432     -1.636     91.957     91.972      0.000
   232         21  (g)                -41   246     0   239   156   160   186     -0.000      0.000    391.912    391.912      0.000
   233          2  (u)                -42   247   247   157   157   165     0     -0.000      0.000   -115.229    115.229      0.000
   234         21  (g)                -44   201   201   245   245   153   155     -3.478      1.242    370.184    370.202      0.000
   235          2  (u)                -44   159   159   249   249   154     0     -0.485      1.894    -80.035     80.059      0.330
   236         21  (g)                -44   160   160   250   250   160   154      1.458     -1.451      5.691      6.051      0.000
   237         21  (g)                -44   199   199   251   251   165   177      1.315     -1.241    -34.690     34.737      0.000
   238         21  (g)                -44   200   200   243   244   177   153      0.733      1.118      1.703      2.165      0.000
   239         21  (g)                -43   232     0   253   253   155   186      0.457     -1.562     13.831     13.926      0.000
   240         21  (g)                -51   204     0   296   296   187   113     -3.036     -2.663     -1.292      4.240      0.000
   241         21  (g)                -51   204     0   263   264   110   187      0.108      1.205     -0.106      1.214      0.000
   242         21  (g)                -52   206   206   265   265   178   110     -1.747      0.215    489.134    489.137      0.000
   243         21  (g)                -51   238     0   252   252   177   188      0.647      1.664      3.240      3.699      0.000
   244         21  (g)                -51   238     0   254   254   188   153     -0.204     -0.443     29.334     29.338      0.000
   245         21  (g)                -52   234   234   248   248   153   155     -3.188      1.138    339.312    339.329      0.000
   246         21  (g)                -41   588   588   255   232   189   186      0.000     -0.000    422.619    422.619      0.000
   247          2  (u)                -42   821   821   233   233   165     0      0.000      0.000   -115.229    115.229      0.000
   248         21  (g)                -44   245   245   411   411   153   155     -4.432      0.875    339.362    339.392      0.000
   249          2  (u)                -44   235   235   266   267   154     0     -0.485      1.894    -80.022     80.046      0.330
   250         21  (g)                -44   236   236   268   268   160   154      1.437     -1.456      5.694      6.050      0.000
   251         21  (g)                -44   237   237   360   361   165   177      1.315     -1.241    -34.683     34.730      0.000
   252         21  (g)                -44   243   243   362   362   177   188      0.635      1.661      3.242      3.698      0.000
   253         21  (g)                -44   239   239   409   410   155   186      0.406     -1.573     13.833     13.929      0.000
   254         21  (g)                -44   244   244   828   828   188   153     -0.312     -0.466     29.339     29.344      0.000
   255         21  (g)                -43   246     0   600   600   189   160      1.437      0.304     30.624     30.660      0.000
   256         21  (g)                -31   269     0   258   259   191   192      0.000      0.000      0.912      0.912      0.000
   257          1  (d)                -31   270   270   258   259   190     0      0.000      0.000    -41.143     41.143      0.000
   258         21  (g)                -33   256   257   271   271   190   192      0.545     -1.323      0.330      1.468      0.000
   259          1  (d)                -33   256   257   272   272   191     0     -0.545      1.323    -40.561     40.587      0.330
   260         21  (g)                -51   229     0   859   859   183   193      0.550      1.015     -1.515      1.905      0.000
   261         21  (g)                -51   229     0   862   862   193   184     -1.109     -1.784     -2.095      2.967      0.000
   262         21  (g)                -52   230   230   365   365   184   182      0.991      2.405      0.985      2.781      0.000
   263         21  (g)                -51   241     0   299   299   194   187     -0.740      2.020      1.222      2.474      0.000
   264         21  (g)                -51   241     0   300   300   110   194      0.808     -0.810      9.529      9.597      0.000
   265         21  (g)                -52   242   242   298   298   178   110     -1.709      0.211    478.277    478.280      0.000
   266          2  (u)                -51   249     0   564   564   195     0      0.599      2.180    -77.232     77.266      0.330
   267         21  (g)                -51   249     0   562   563   154   195     -1.057     -0.314     -2.680      2.898      0.000
   268         21  (g)                -52   250   250   598   599   160   154      1.409     -1.427      5.584      5.933      0.000
   269         21  (g)                -41   864   864   273   256   191   196     -0.000     -0.000      7.174      7.174      0.000
   270          1  (d)                -42   865   865   257   257   190     0      0.000      0.000    -41.143     41.143      0.000
   271         21  (g)                -44   258   258   631   631   190   192     -0.776     -1.360      0.239      1.584      0.000
   272          1  (d)                -44   259   259   867   867   191     0     -0.564      1.322    -40.385     40.412      0.330
   273         21  (g)                -43   269     0   629   630   192   196      1.341      0.038      6.178      6.322      0.000
   274         21  (g)                -51   169     0   558   558   197   129     -2.450     -2.023      3.800      4.953      0.000
   275         21  (g)                -51   169     0   382   382   130   197      0.731     -0.693      5.661      5.750      0.000
   276         21  (g)                -52   170   170   380   381   128   130      0.306      1.268     66.054     66.067      0.000
   277         21  (g)                -41   637   637   285   215   134   198     -0.000     -0.000    456.758    456.758      0.000
   278         21  (g)                -42   768   768   216   216   162   174      0.000      0.000   -184.159    184.159      0.000
   279         21  (g)                -44   217   217   353   353   136   133      3.939     -1.715     -0.924      4.395      0.000
   280         21  (g)                -44   218   218   635   636   134   176     -0.341      4.440    -24.122     24.530      0.000
   281         21  (g)                -44   219   219   771   771   162   136      0.351     -1.538     -6.273      6.469      0.000
   282         21  (g)                -44   220   220   357   358   135   174     -0.446     -1.620   -136.412    136.422      0.000
   283         21  (g)                -44   221   221   359   359   176   135     -1.810     -0.192    -14.299     14.414      0.000
   284         21  (g)                -44   222   222   351   352   133   180     -0.558      1.202     15.781     15.836      0.000
   285         21  (g)                -43   277     0   595   596   180   198     -1.135     -0.576    438.849    438.850      0.000
   286         21  (g)                -42   784   784   146   146   163   161      0.000      0.000    142.684    142.684      0.000
   287         21  (g)                -41   785   785   293   147   142   199     -0.000     -0.000   -298.031    298.031      0.000
   288         21  (g)                -44   148   148   434   435   141   138     -2.531     -4.093     -3.928      6.212      0.000
   289         21  (g)                -44   149   149   319   320   139   140      1.598      2.002     72.499     72.545      0.000
   290         21  (g)                -44   150   150   436   436   142   141     -0.543      1.664    -36.239     36.281      0.000
   291         21  (g)                -44   151   151   464   465   138   161     -0.853     -1.995      3.422      4.052      0.000
   292         21  (g)                -44   152   152   790   790   163   139      1.679      1.364     65.243     65.278      0.000
   293         21  (g)                -43   287     0   321   321   140   199      0.651      1.059   -256.344    256.347      0.000
   294         21  (g)                -42   424   424   202   202   178   111      0.000      0.000    492.120    492.120      0.000
   295         21  (g)                -41   720   720   301   203   112   200     -0.000     -0.000     -9.955      9.955      0.000
   296         21  (g)                -44   240   240   721   721   187   113     -3.072     -3.008     -1.104      4.439      0.000
   297         21  (g)                -44   205   205   422   423   112   111      4.597      0.479     -5.258      7.000      0.000
   298         21  (g)                -44   265   265   608   609   178   110     -1.709      0.210    477.349    477.352      0.000
   299         21  (g)                -44   263   263   546   547   194   187     -0.748      1.942      1.099      2.353      0.000
   300         21  (g)                -44   264   264   548   548   110   194      0.808     -0.815      9.556      9.624      0.000
   301         21  (g)                -43   295     0   726   726   113   200      0.123      1.191      0.523      1.307      0.000
   302          1  (d)                -42   798   798   102   102   143     0     -0.000     -0.000    108.152    108.152      0.000
   303          3  (s)                -41   628   628   306   103   201     0      0.000      0.000     -0.279      0.279      0.000
   304          1  (d)                -44   104   104   800   800   144     0      1.515     -2.021     90.576     90.612      0.330
   305          3  (s)                -44   105   105   801   801   143     0     -1.026      2.749      9.088      9.563      0.500
   306         21  (g)                -43   303     0   626   627   201   144     -0.489     -0.728      8.210      8.257      0.000
   307         21  (g)                -51   178     0   431   432   202   151     -0.643     -0.829      5.502      5.601      0.000
   308         21  (g)                -51   178     0   428   429   152   202     -2.598      1.494     26.304     26.474      0.000
   309         21  (g)                -52   179   179   430   430   150   152      1.620     -1.666    481.060    481.065      0.000
   310         21  (g)                -51   155     0   401   401   108   203     -1.735      0.692      0.556      1.949      0.000
   311         21  (g)                -51   155     0   406   406   203   103     -3.744      1.518      8.313      9.243      0.000
   312         21  (g)                -52   154   154   404   404   103   164    -10.779     -6.277     -3.475     12.948      0.000
   313         21  (g)                -51   213     0   415   415   204   169     -1.468      0.360     -9.340      9.461      0.000
   314         21  (g)                -51   213     0   417   417   168   204      0.440     -1.040     -6.014      6.119      0.000
   315         21  (g)                -53   412     0   210   210   168   167      0.000     -0.000      1.084      1.084      0.000
   316         -2  (ubar)             -51   114     0   373   374     0   148      0.232     -0.174      0.597      0.741      0.330
   317          2  (u)                -51   114     0   375   375   124     0      1.287      2.260     50.849     50.917      0.330
   318         21  (g)                -52   112   112   442   442   122   124      1.011      0.417     -0.308      1.136      0.000
   319         21  (g)                -51   289     0   787   787   139   205      1.938      2.632     72.325     72.399      0.000
   320         21  (g)                -51   289     0   510   510   205   140     -0.338     -0.627     -0.630      0.951      0.000
   321         21  (g)                -52   293   293   508   509   140   199      0.648      1.055   -255.539    255.542      0.000
   322         21  (g)                -31   517   517   324   325   206   207      0.000      0.000     18.164     18.164      0.000
   323         21  (g)                -31   648     0   324   325   208   209      0.000      0.000   -134.309    134.309      0.000
   324         21  (g)                -33   322   323   515   516   206   209     -1.052     -0.358   -134.289    134.294      0.000
   325         21  (g)                -33   322   323   650   650   208   207      1.052      0.358     18.145     18.179      0.000
   326          3  (s)                -31   878   878   328   329   210     0      0.000      0.000      7.614      7.614      0.000
   327         -2  (ubar)             -31   879   879   328   329     0   210      0.000      0.000     -1.176      1.176      0.000
   328          3  (s)                -33   326   327   421   421   211     0     -0.779      0.772      7.273      7.372      0.500
   329         -2  (ubar)             -33   326   327   419   420     0   211      0.779     -0.772     -0.836      1.418      0.330
   330         21  (g)                -31   334     0   332   333   213   212      0.000      0.000      0.268      0.268      0.000
   331         21  (g)                -31   335   335   332   333   215   214      0.000      0.000   -119.766    119.766      0.000
   332         21  (g)                -33   330   331   336   336   215   212     -1.072     -0.163     -0.843      1.373      0.000
   333         21  (g)                -33   330   331   337   337   213   214      1.072      0.163   -118.656    118.661      0.000
   334         21  (g)                -41   884   884   338   330   213   216      0.000      0.000     54.517     54.517      0.000
   335         21  (g)                -42   885   885   331   331   215   214      0.000     -0.000   -119.766    119.766      0.000
   336         21  (g)                -44   332   332   451   452   215   212     -1.406      0.855     -2.260      2.796      0.000
   337         21  (g)                -44   333   333   887   887   213   214      1.069      0.173   -117.231    117.236      0.000
   338         21  (g)                -43   334     0   453   453   212   216      0.337     -1.028     54.242     54.252      0.000
   339         21  (g)                -31   682   682   341   342   219   218      0.000      0.000    156.562    156.562      0.000
   340         -3  (sbar)             -31   683     0   341   342     0   217      0.000      0.000    -11.726     11.726      0.000
   341         21  (g)                -33   339   340   684   684   219   217     -1.033     -0.289    156.531    156.534      0.000
   342         -3  (sbar)             -33   339   340   685   685     0   218      1.033      0.289    -11.694     11.754      0.500
   343         21  (g)                -31   895   895   345   346   222   221      0.000      0.000    122.848    122.848      0.000
   344         -2  (ubar)             -31   896   896   345   346     0   220      0.000      0.000     -9.261      9.261      0.000
   345         21  (g)                -33   343   344   897   897   222   220     -0.968     -0.434    122.812    122.817      0.000
   346         -2  (ubar)             -33   343   344   898   898     0   221      0.968      0.434     -9.226      9.292      0.330
   347          3  (s)                -31   383   383   349   350   223     0      0.000      0.000    114.188    114.188      0.000
   348         21  (g)                -31   384     0   349   350   224   225      0.000      0.000     -0.109      0.109      0.000
   349          3  (s)                -33   347   348   385   385   224     0     -0.725      0.763    111.577    111.583      0.500
   350         21  (g)                -33   347   348   386   386   223   225      0.725     -0.763      2.502      2.714      0.000
   351         21  (g)                -51   284     0   495   495   226   180     -0.605      1.219     15.735     15.794      0.000
   352         21  (g)                -51   284     0   493   494   133   226      0.385     -0.164     -0.034      0.419      0.000
   353         21  (g)                -52   279   279   769   769   136   133      3.601     -1.568     -0.845      4.018      0.000
   354         21  (g)                -51   182     0   405   405   101   227     -1.361      0.738     -0.963      1.823      0.000
   355         21  (g)                -51   182     0   407   407   227   172     -0.643     -1.282     -2.133      2.571      0.000
   356         21  (g)                -52   181   181   402   402   172   131      1.026     -2.755     -4.051      5.005      0.000
   357         21  (g)                -51   282     0   772   772   228   174     -1.340     -0.886    -58.194     58.216      0.000
   358         21  (g)                -51   282     0   592   593   135   228      0.615     -0.763    -80.423     80.429      0.000
   359         21  (g)                -52   283   283   594   594   176   135     -1.531     -0.162    -12.093     12.191      0.000
   360         21  (g)                -51   251     0   825   825   165   229      0.096     -0.721    -27.994     28.004      0.000
   361         21  (g)                -51   251     0   450   450   229   177      1.227     -0.498     -6.645      6.775      0.000
   362         21  (g)                -52   252   252   448   449   177   188      0.626      1.639      3.199      3.648      0.000
   363         21  (g)                -51   231     0   861   861   231   185      0.206     -1.124     88.480     88.487      0.000
   364         21  (g)                -51   231     0   863   863   182   231     -0.601     -0.421      3.514      3.590      0.000
   365         21  (g)                -52   262   262   860   860   184   182      0.953      2.314      0.948      2.676      0.000
   366         21  (g)                -51   128     0   501   501   232   159     -0.454     -1.393      3.428      3.728      0.000
   367         21  (g)                -51   128     0   499   500   132   232      1.021     -0.297      0.923      1.408      0.000
   368         21  (g)                -52   193   193   585   585   175   132     -1.988     -3.231     -3.379      5.080      0.000
   369         21  (g)                -31   904   904   371   372   234   235      0.000      0.000     14.694     14.694      0.000
   370          3  (s)                -31   507   507   371   372   233     0      0.000      0.000     -0.422      0.422      0.000
   371         21  (g)                -33   369   370   505   506   233   235     -0.923     -0.151     13.986     14.018      0.000
   372          3  (s)                -33   369   370   907   907   234     0      0.923      0.151      0.285      1.098      0.500
   373         -2  (ubar)             -51   316     0   444   444     0   148      0.588      1.166     10.797     10.880      0.330
   374         22  (gamma)            -51   316     0   446   446     0     0     -0.013     -0.734      3.417      3.495      0.000
   375          2  (u)                -52   317   317   445   445   124     0      0.943      1.654     37.233     37.283      0.330
   376         21  (g)                -31   909   909   378   379   237   236      0.000      0.000      0.019      0.019      0.000
   377         21  (g)                -31   910   910   378   379   239   238      0.000      0.000   -196.101    196.101      0.000
   378         21  (g)                -33   376   377   911   911   239   236     -0.778     -0.518    -12.235     12.271      0.000
   379         21  (g)                -33   376   377   912   912   237   238      0.778      0.518   -183.847    183.849      0.000
   380         21  (g)                -51   276     0   646   646   128   240     -0.288      0.702     56.604     56.609      0.000
   381         21  (g)                -51   276     0   763   763   240   130      0.820      0.350     11.209     11.245      0.000
   382         21  (g)                -52   275   275   556   557   130   197      0.504     -0.478      3.901      3.963      0.000
   383          3  (s)                -42   899   899   347   347   223     0     -0.000      0.000    114.188    114.188      0.000
   384         21  (g)                -41   900   900   387   348   224   241     -0.000      0.000     -4.460      4.460      0.000
   385          3  (s)                -44   349   349   901   901   224     0     -0.747      0.777    113.950    113.956      0.500
   386         21  (g)                -44   350   350   902   902   223   225     -0.041     -0.280      0.077      0.294      0.000
   387         21  (g)                -43   384     0   903   903   225   241      0.788     -0.497     -4.298      4.398      0.000
   388          2  (u)                -31   913   913   390   391   242     0      0.000      0.000    343.883    343.883      0.000
   389         21  (g)                -31   914   914   390   391   243   244      0.000      0.000     -0.003      0.003      0.000
   390          2  (u)                -33   388   389   915   915   243     0     -0.672     -0.603    229.866    229.868      0.330
   391         21  (g)                -33   388   389   916   916   242   244      0.672      0.603    114.014    114.017      0.000
   392         21  (g)                -31   917   917   394   395   245   246      0.000      0.000      0.008      0.008      0.000
   393         21  (g)                -31   918   918   394   395   247   248      0.000      0.000   -413.552    413.552      0.000
   394         21  (g)                -33   392   393   919   919   245   248     -0.559      0.733    -30.433     30.447      0.000
   395         21  (g)                -33   392   393   920   920   247   246      0.559     -0.733   -383.111    383.112      0.000
   396          2  (u)                -42   687   687    85    85   137     0      0.000      0.000    736.413    736.413      0.000
   397         21  (g)                -41   688   688   408    86   249   131     -0.000     -0.000  -1888.086   1888.086      0.000
   398    4900023  (Zv)               -44    87    87   689   689     0     0    -20.341    -49.943   -739.965   2044.536   1905.170
   399         22  (gamma)            -44    88    88   690   690     0     0     52.635     57.969     -9.032     78.819      0.000
   400         21  (g)                -44   183   183   498   498   164   101    -12.750     -2.917     -4.393     13.797      0.000
   401         21  (g)                -44   310   310   692   692   108   203     -1.735      0.692      0.555      1.948      0.000
   402         21  (g)                -44   356   356   693   693   172   131      1.029     -2.755     -4.051      5.005      0.000
   403         21  (g)                -44    92    92   694   694   137   108     -1.456      2.403     28.575     28.713      0.000
   404         21  (g)                -44   312   312   496   497   103   164    -10.774     -6.276     -3.479     12.945      0.000
   405         21  (g)                -44   354   354   518   519   101   227     -1.360      0.738     -0.963      1.823      0.000
   406         21  (g)                -44   311   311   697   697   203   103     -3.744      1.518      8.312      9.242      0.000
   407         21  (g)                -44   355   355   520   520   227   172     -0.642     -1.282     -2.133      2.570      0.000
   408          2  (u)                -43   397     0   699   699   249     0     -0.861     -0.149   -425.100    425.101      0.330
   409         21  (g)                -51   253     0   586   587   251   186     -0.103     -1.933     19.795     19.889      0.000
   410         21  (g)                -51   253     0   832   832   155   251      0.065      0.448     28.033     28.036      0.000
   411         21  (g)                -52   248   248   822   822   153   155     -3.988      0.787    305.368    305.395      0.000
   412         21  (g)                -41   467     0   418   315   252   167      0.000     -0.000      5.833      5.833      0.000
   413          2  (u)                -42   468   468   211   211   170     0      0.000     -0.000   -323.884    323.884      0.000
   414         21  (g)                -44   212   212   469   469   170   167     -0.811      2.348     -0.622      2.561      0.000
   415         21  (g)                -44   313   313   470   470   204   169     -1.514      0.381     -9.971     10.092      0.000
   416          2  (u)                -44   214   214   471   471   169     0      1.091     -1.329   -306.493    306.498      0.330
   417         21  (g)                -44   314   314   472   472   168   204      0.400     -1.022     -5.669      5.774      0.000
   418         21  (g)                -43   412     0   473   473   252   168      0.835     -0.377      4.703      4.792      0.000
   419         -2  (ubar)             -51   329     0   881   881     0   253      0.665      0.469     -0.253      0.914      0.330
   420         21  (g)                -51   329     0   565   566   253   211      0.042     -1.170      0.081      1.173      0.000
   421          3  (s)                -52   328   328   567   567   211     0     -0.707      0.701      6.609      6.703      0.500
   422         21  (g)                -51   297     0   722   722   112   254      1.648      0.115     -3.157      3.563      0.000
   423         21  (g)                -51   297     0   727   727   254   111      2.949      0.364     -1.971      3.566      0.000
   424         21  (g)                -53   719   719   294   294   178   111      0.000      0.000    492.249    492.249      0.000
   425         -1  (dbar)             -51   125     0   573   573     0   255     -1.845     -1.593      0.956      2.639      0.330
   426         21  (g)                -51   125     0   576   576   255   157      0.697     -0.391     -0.480      0.932      0.000
   427         21  (g)                -53   572     0   124   124   158   157      0.000      0.000    -70.954     70.954      0.000
   428         21  (g)                -51   308     0   433   433   256   202     -2.758      1.623     38.119     38.253      0.000
   429         21  (g)                -51   308     0   526   526   152   256      0.203     -0.174      0.969      1.005      0.000
   430         21  (g)                -52   309   309   524   525   150   152      1.577     -1.622    468.276    468.282      0.000
   431         21  (g)                -51   307     0   812   812   257   151      0.046      0.470      7.568      7.583      0.000
   432         21  (g)                -51   307     0   542   542   202   257     -1.782     -0.656     13.035     13.172      0.000
   433         21  (g)                -52   428   428   540   541   256   202     -1.666      0.980     23.018     23.099      0.000
   434         21  (g)                -51   288     0   466   466   258   138     -3.070     -3.852     -4.501      6.672      0.000
   435         21  (g)                -51   288     0   539   539   141   258      0.512     -0.160     -1.194      1.309      0.000
   436         21  (g)                -52   290   290   537   538   142   141     -0.517      1.583    -34.471     34.512      0.000
   437         21  (g)                -51   207     0   530   531   179   259      0.879     -0.503      1.279      1.631      0.000
   438         21  (g)                -51   207     0   532   532   259   115     -0.835     -0.147      3.689      3.785      0.000
   439         21  (g)                -53   731   731    48    48   114   115      0.000      0.000    254.015    254.015      0.000
   440         21  (g)                -41   745   745   447   110   260   148     -0.000      0.000    921.364    921.364      0.000
   441          1  (d)                -42   746   746   111   111   122     0      0.000     -0.000   -271.747    271.747      0.000
   442         21  (g)                -44   318   318   454   455   122   124      1.018      0.417     -0.316      1.144      0.000
   443          1  (d)                -44   113   113   477   477   123     0     -2.529     -2.503   -270.885    270.908      0.330
   444         -2  (ubar)             -44   373   373   749   749     0   148      0.766      1.148     10.792     10.885      0.330
   445          2  (u)                -44   375   375   456   456   124     0      1.554      1.592     37.224     37.292      0.330
   446         22  (gamma)            -44   374   374   751   751     0     0      0.044     -0.740      3.417      3.496      0.000
   447         21  (g)                -43   440     0   475   476   260   123     -0.852      0.087    869.385    869.386      0.000
   448         21  (g)                -51   362     0   826   826   261   188      0.629      0.063      1.775      1.884      0.000
   449         21  (g)                -51   362     0   527   528   177   261      0.036      1.560      1.215      1.978      0.000
   450         21  (g)                -52   361   361   529   529   229   177      1.188     -0.482     -6.435      6.562      0.000
   451          4  (c)                -51   336     0   886   886   215     0      0.036      0.216      0.301      1.545      1.500
   452         -4  (cbar)             -51   336     0   889   889     0   212     -1.434      0.615     -1.291      2.520      1.500
   453         21  (g)                -52   338   338   888   888   212   216      0.329     -1.004     52.972     52.982      0.000
   454         21  (g)                -51   442     0   747   747   122   262      1.643      0.627      0.479      1.822      0.000
   455         21  (g)                -51   442     0   753   753   262   124     -0.541     -0.124      1.221      1.341      0.000
   456          2  (u)                -52   445   445   750   750   124     0      1.470      1.506     35.208     35.273      0.330
   457         21  (g)                -31   921   921   459   460   263   264      0.000      0.000      8.954      8.954      0.000
   458         -2  (ubar)             -31   922   922   459   460     0   263      0.000      0.000    -16.848     16.848      0.000
   459         21  (g)                -33   457   458   490   491   265   264      0.813      0.204      8.922      8.962      0.000
   460         -2  (ubar)             -33   457   458   492   492     0   265     -0.813     -0.204    -16.816     16.840      0.330
   461         21  (g)                -51   185     0   555   555   173   266      2.233     -0.685    -24.193     24.306      0.000
   462         21  (g)                -51   185     0   577   577   266   156     -0.307      0.315     -6.645      6.660      0.000
   463         -1  (dbar)             -53   571   571   186   186     0   156      0.000      0.000      2.127      2.127      0.000
   464         21  (g)                -51   291     0   789   789   267   161     -0.118     -1.808      1.408      2.295      0.000
   465         21  (g)                -51   291     0   502   503   138   267     -0.868     -0.354      1.818      2.046      0.000
   466         21  (g)                -52   434   434   504   504   258   138     -2.937     -3.685     -4.306      6.384      0.000
   467         21  (g)                -41   848   848   474   412   268   167      0.000     -0.000     20.394     20.394      0.000
   468          2  (u)                -42   849   849   413   413   170     0     -0.000     -0.000   -323.884    323.884      0.000
   469         21  (g)                -44   414   414   850   850   170   167     -0.682      2.395     -0.630      2.569      0.000
   470         21  (g)                -44   415   415   641   642   204   169     -1.506      0.384     -9.878     10.000      0.000
   471          2  (u)                -44   416   416   643   643   169     0      1.091     -1.329   -306.495    306.500      0.330
   472         21  (g)                -44   417   417   853   853   168   204      0.407     -1.019     -5.670      5.775      0.000
   473         21  (g)                -44   418   418   854   854   252   168      1.465     -0.146      4.634      4.862      0.000
   474         21  (g)                -43   467     0   855   855   268   252     -0.774     -0.284     14.548     14.572      0.000
   475         21  (g)                -51   447     0   752   752   260   269     -1.512     -0.259    778.523    778.525      0.000
   476         21  (g)                -51   447     0   523   523   269   123      0.661      0.346     90.860     90.863      0.000
   477          1  (d)                -52   443   443   521   522   123     0     -2.529     -2.503   -270.883    270.906      0.330
   478          1  (d)                -31   926   926   480   481   270     0      0.000      0.000     76.852     76.852      0.000
   479          3  (s)                -31   927   927   480   481   271     0      0.000      0.000     -3.087      3.087      0.000
   480          1  (d)                -33   478   479   928   928   271     0     -0.225      0.789     76.775     76.780      0.330
   481          3  (s)                -33   478   479   929   929   270     0      0.225     -0.789     -3.010      3.159      0.500
   482         21  (g)                -31   930   930   484   485   274   273      0.000      0.000      0.118      0.118      0.000
   483         -1  (dbar)             -31   931   931   484   485     0   272      0.000      0.000   -160.246    160.246      0.000
   484         21  (g)                -33   482   483   932   932   274   272     -0.652     -0.493     -1.309      1.543      0.000
   485         -1  (dbar)             -33   482   483   933   933     0   273      0.652      0.493   -158.819    158.821      0.330
   486         21  (g)                -31   934   934   488   489   277   276      0.000      0.000    104.432    104.432      0.000
   487         -1  (dbar)             -31   935   935   488   489     0   275      0.000      0.000    -13.434     13.434      0.000
   488         21  (g)                -33   486   487   936   936   277   275     -0.726     -0.378    104.415    104.419      0.000
   489         -1  (dbar)             -33   486   487   937   937     0   276      0.726      0.378    -13.418     13.447      0.330
   490         21  (g)                -51   459     0   923   923   278   264     -0.504      0.368      2.660      2.732      0.000
   491         21  (g)                -51   459     0   925   925   265   278      1.313     -0.165      6.176      6.316      0.000
   492         -2  (ubar)             -52   460   460   924   924     0   265     -0.809     -0.203    -16.729     16.753      0.330
   493         21  (g)                -51   352     0   622   622   133   279     -0.377      0.704      1.478      1.680      0.000
   494         21  (g)                -51   352     0   620   621   279   226      0.648     -0.639      1.447      1.709      0.000
   495         21  (g)                -52   351   351   597   597   226   180     -0.491      0.989     12.776     12.823      0.000
   496         21  (g)                -51   404     0   695   695   103   280     -9.600     -5.484     -3.828     11.700      0.000
   497         21  (g)                -51   404     0   700   700   280   164     -3.743     -1.380     -0.536      4.025      0.000
   498         21  (g)                -52   400   400   623   624   164   101    -10.180     -2.329     -3.508     11.017      0.000
   499         21  (g)                -51   367     0   583   584   132   281     -0.367     -0.861      1.016      1.381      0.000
   500         21  (g)                -51   367     0   714   714   281   232      1.109     -0.292      2.015      2.319      0.000
   501         21  (g)                -52   366   366   711   711   232   159     -0.175     -0.537      1.321      1.436      0.000
   502         21  (g)                -51   465     0   794   794   282   267     -0.080     -0.397      1.522      1.575      0.000
   503         21  (g)                -51   465     0   795   795   138   282     -1.125     -0.380     -0.198      1.204      0.000
   504         21  (g)                -52   466   466   786   786   258   138     -2.599     -3.262     -3.812      5.651      0.000
   505         21  (g)                -51   371     0   906   906   283   235     -1.207     -0.608      9.393      9.489      0.000
   506         21  (g)                -51   371     0   908   908   233   283      0.284      0.457      4.545      4.577      0.000
   507          3  (s)                -53   905   905   370   370   233     0      0.000      0.000     -0.471      0.471      0.000
   508         21  (g)                -51   321     0   791   791   284   199      0.668      1.271   -253.852    253.856      0.000
   509         21  (g)                -51   321     0   796   796   140   284     -0.041     -0.255     -1.726      1.746      0.000
   510         21  (g)                -52   320   320   792   792   205   140     -0.317     -0.587     -0.590      0.891      0.000
   511         21  (g)                -31   938   938   513   514   286   285      0.000      0.000     22.267     22.267      0.000
   512          3  (s)                -31   939   939   513   514   285     0      0.000      0.000     -7.567      7.567      0.000
   513         21  (g)                -33   511   512   940   940   286   287     -0.645      0.424     22.232     22.245      0.000
   514          3  (s)                -33   511   512   941   941   287     0      0.645     -0.424     -7.532      7.588      0.500
   515         21  (g)                -51   324     0   649   649   288   209      0.176     -0.492    -67.734     67.736      0.000
   516         21  (g)                -51   324     0   614   615   206   288     -1.228      0.133    -66.551     66.563      0.000
   517         21  (g)                -53   616   616   322   322   206   207      0.000     -0.000     18.169     18.169      0.000
   518         21  (g)                -51   405     0   625   625   101   289     -1.801     -0.119     -1.877      2.604      0.000
   519         21  (g)                -51   405     0   701   701   289   227      0.161      0.299     -0.016      0.340      0.000
   520         21  (g)                -52   407   407   698   698   227   172     -0.362     -0.723     -1.204      1.450      0.000
   521          1  (d)                -51   477     0   748   748   290     0     -3.091     -2.715   -257.945    257.978      0.330
   522         21  (g)                -51   477     0   582   582   123   290      0.562      0.211    -12.926     12.940      0.000
   523         21  (g)                -52   476   476   580   581   269   123      0.661      0.346     90.849     90.852      0.000
   524         21  (g)                -51   430     0   813   813   150   291      1.336     -0.765    403.964    403.967      0.000
   525         21  (g)                -51   430     0   818   818   291   152      0.263     -0.875     64.418     64.424      0.000
   526         21  (g)                -52   429   429   816   816   152   256      0.181     -0.155      0.863      0.895      0.000
   527         -1  (dbar)             -51   449     0   833   833     0   261     -0.154      0.441      1.047      1.193      0.330
   528          1  (d)                -51   449     0   834   834   177     0      0.263      1.090     -0.230      1.191      0.330
   529         21  (g)                -52   450   450   831   831   229   177      1.115     -0.452     -6.037      6.156      0.000
   530         21  (g)                -51   437     0   734   734   179   293      0.296      0.357      0.291      0.547      0.000
   531         21  (g)                -51   437     0   738   738   293   259      0.133     -0.939      2.976      3.123      0.000
   532         21  (g)                -52   438   438   737   737   259   115     -0.385     -0.068      1.701      1.746      0.000
   533         21  (g)                -31   942   942   535   536   294   295      0.000      0.000      1.698      1.698      0.000
   534         21  (g)                -31   943   943   535   536   296   297      0.000      0.000    -14.321     14.321      0.000
   535         21  (g)                -33   533   534   944   944   294   297      0.047      0.739      1.607      1.769      0.000
   536         21  (g)                -33   533   534   945   945   296   295     -0.047     -0.739    -14.231     14.250      0.000
   537         21  (g)                -51   436     0   788   788   142   298      0.398      0.181    -14.987     14.994      0.000
   538         21  (g)                -51   436     0   797   797   298   141     -0.788      1.362    -19.781     19.844      0.000
   539         21  (g)                -52   435   435   793   793   141   258      0.384     -0.120     -0.897      0.983      0.000
   540         21  (g)                -51   433     0   815   815   256   299     -0.851     -0.316     14.454     14.482      0.000
   541         21  (g)                -51   433     0   819   819   299   202     -1.826      0.923     15.965     16.095      0.000
   542         21  (g)                -52   432   432   817   817   202   257     -0.770     -0.284      5.634      5.693      0.000
   543         21  (g)                -51   195     0   705   705   300   104     -6.261     -4.500    -33.929     34.794      0.000
   544         21  (g)                -51   195     0   715   715   107   300     -1.293     -0.066     -4.746      4.920      0.000
   545         21  (g)                -53   619   619    61    61   107   126     -0.000     -0.000    -55.606     55.606      0.000
   546         21  (g)                -51   299     0   570   570   301   187      0.383      0.299      1.589      1.661      0.000
   547         21  (g)                -51   299     0   568   569   194   301     -1.019      1.531      0.824      2.016      0.000
   548         21  (g)                -52   300   300   610   610   110   194      0.697     -0.703      8.242      8.301      0.000
   549         21  (g)                -31   946   946   551   552   302   303      0.000      0.000    178.950    178.950      0.000
   550         21  (g)                -31   947   947   551   552   304   305      0.000      0.000     -0.100      0.100      0.000
   551         21  (g)                -33   549   550   948   948   302   305      0.706      0.164    177.622    177.623      0.000
   552         21  (g)                -33   549   550   949   949   304   303     -0.706     -0.164      1.229      1.427      0.000
   553         21  (g)                -51   184     0   574   574   158   306     -1.086      1.534    -26.572     26.638      0.000
   554         21  (g)                -51   184     0   578   578   306   173      0.634      0.719    -15.423     15.452      0.000
   555         21  (g)                -52   461   461   575   575   173   266      1.907     -0.585    -20.663     20.760      0.000
   556         21  (g)                -51   382     0   632   633   130   307      0.488     -0.096      3.184      3.223      0.000
   557         21  (g)                -51   382     0   634   634   307   197     -0.665     -0.944      1.773      2.116      0.000
   558         21  (g)                -52   274   274   759   759   197   129     -1.769     -1.461      2.745      3.578      0.000
   559         21  (g)                -51   209     0   735   735   121   308      0.813      1.777     -3.829      4.299      0.000
   560         21  (g)                -51   209     0   739   739   308   116      1.350      1.012     -1.545      2.288      0.000
   561         21  (g)                -52   208   208   736   736   116   179      0.310      0.820     -1.070      1.383      0.000
   562         21  (g)                -51   267     0   601   602   154   309     -0.555      0.139     -0.691      0.897      0.000
   563         21  (g)                -51   267     0   603   603   309   195     -0.445     -0.252     -9.089      9.103      0.000
   564          2  (u)                -52   266   266   823   823   195     0      0.543      1.980    -70.132     70.163      0.330
   565         21  (g)                -51   420     0   882   882   253   311      0.576     -0.613     -0.011      0.841      0.000
   566         21  (g)                -51   420     0   883   883   311   211     -0.642     -0.445      1.098      1.348      0.000
   567          3  (s)                -52   421   421   880   880   211     0     -0.599      0.588      5.603      5.688      0.500
   568         21  (g)                -51   547     0   728   728   194   313     -0.403      1.323      0.294      1.414      0.000
   569         21  (g)                -51   547     0   729   729   313   301     -0.419      0.362      1.348      1.458      0.000
   570         21  (g)                -52   546   546   724   724   301   187      0.186      0.145      0.770      0.806      0.000
   571         -1  (dbar)             -42   839   839   463   463     0   156      0.000     -0.000      2.127      2.127      0.000
   572         21  (g)                -41   840   840   579   427   158   314     -0.000      0.000    -74.206     74.206      0.000
   573         -1  (dbar)             -44   425   425   841   841     0   255     -1.850     -1.591      0.913      2.626      0.330
   574         21  (g)                -44   553   553   842   842   158   306     -1.271      1.617    -27.053     27.131      0.000
   575         21  (g)                -44   555   555   843   843   173   266      1.763     -0.520    -21.051     21.131      0.000
   576         21  (g)                -44   426   426   844   844   255   157      0.692     -0.388     -0.500      0.938      0.000
   577         21  (g)                -44   462   462   845   845   266   156     -0.353      0.336     -6.766      6.783      0.000
   578         21  (g)                -44   554   554   846   846   306   173      0.527      0.767    -15.706     15.734      0.000
   579         21  (g)                -43   572     0   847   847   157   314      0.492     -0.221     -1.915      1.989      0.000
   580         21  (g)                -51   523     0   754   754   269   315      0.836      0.145     20.126     20.144      0.000
   581         21  (g)                -51   523     0   756   756   315   123     -0.175      0.200     70.715     70.715      0.000
   582         21  (g)                -52   522   522   755   755   123   290      0.562      0.211    -12.919     12.933      0.000
   583         -2  (ubar)             -51   499     0   713   713     0   281      0.213     -0.338     -0.336      0.618      0.330
   584          2  (u)                -51   499     0   716   716   132     0     -0.929     -1.089      0.760      1.654      0.330
   585         21  (g)                -52   368   368   613   613   175   132     -1.639     -2.665     -2.787      4.190      0.000
   586         21  (g)                -51   409     0   827   827   251   316      0.578     -0.102     10.287     10.304      0.000
   587         21  (g)                -51   409     0   836   836   316   186     -0.681     -1.831     24.531     24.608      0.000
   588         21  (g)                -53   820   820   246   246   189   186      0.000     -0.000    437.642    437.642      0.000
   589          2  (u)                -51   164     0   806   806   317     0     -2.794      0.513      0.466      2.897      0.330
   590         21  (g)                -51   164     0   809   809   146   317      0.448      0.401     -0.998      1.165      0.000
   591          1  (d)                -53   805   805   163   163   146     0      0.000      0.000  -1627.103   1627.103      0.000
   592         21  (g)                -51   358     0   777   777   318   228      0.130      0.235    -44.246     44.247      0.000
   593         21  (g)                -51   358     0   640   640   135   318      0.327     -1.015    -37.422     37.437      0.000
   594         21  (g)                -52   359   359   638   639   176   135     -1.374     -0.145    -10.849     10.936      0.000
   595         21  (g)                -51   285     0   775   775   319   198      0.164     -0.121    185.102    185.102      0.000
   596         21  (g)                -51   285     0   780   780   180   319     -1.320     -0.413    254.291    254.294      0.000
   597         21  (g)                -52   495   495   774   774   226   180     -0.470      0.947     12.232     12.278      0.000
   598         21  (g)                -51   268     0   824   824   320   154      0.578     -0.258      0.857      1.066      0.000
   599         21  (g)                -51   268     0   837   837   160   320      0.970     -1.140      7.700      7.844      0.000
   600         21  (g)                -52   255   255   829   829   189   160      1.297      0.275     27.651     27.683      0.000
   601         21  (g)                -51   562     0   830   830   154   321      0.265     -0.047     -0.283      0.391      0.000
   602         21  (g)                -51   562     0   838   838   321   309     -1.055      0.053     -5.195      5.302      0.000
   603         21  (g)                -52   563   563   835   835   309   195     -0.211     -0.119     -4.301      4.308      0.000
   604         21  (g)                -31   950   950   606   607   322   323      0.000      0.000      0.072      0.072      0.000
   605         21  (g)                -31   951   951   606   607   323   324      0.000      0.000    -49.443     49.443      0.000
   606         21  (g)                -33   604   605   952   952   322   325      0.172      0.638     -1.498      1.637      0.000
   607         21  (g)                -33   604   605   953   953   325   324     -0.172     -0.638    -47.874     47.878      0.000
   608         21  (g)                -51   298     0   723   723   178   326     -1.673     -0.393    413.078    413.082      0.000
   609         21  (g)                -51   298     0   730   730   326   110     -0.001      0.569     64.684     64.686      0.000
   610         21  (g)                -52   548   548   725   725   110   194      0.662     -0.667      7.828      7.885      0.000
   611         21  (g)                -51   194     0   712   712   104   327     -0.698      0.522     -2.482      2.630      0.000
   612         21  (g)                -51   194     0   717   717   327   175      0.384      0.050     -0.180      0.427      0.000
   613         21  (g)                -52   585   585   710   710   175   132     -1.404     -2.283     -2.388      3.590      0.000
   614         21  (g)                -51   516     0   651   651   328   288     -1.188     -0.515    -54.413     54.428      0.000
   615         21  (g)                -51   516     0   652   652   206   328     -0.041      0.648    -12.128     12.145      0.000
   616         21  (g)                -53   647   647   517   517   206   207      0.000     -0.000     18.179     18.179      0.000
   617         21  (g)                -51    66     0   709   709   106   329      1.169      1.670     -3.181      3.778      0.000
   618         21  (g)                -51    66     0   718   718   329   126      1.434      0.254     -2.336      2.753      0.000
   619         21  (g)                -53   704   704   545   545   107   126     -0.000     -0.000    -56.463     56.463      0.000
   620         21  (g)                -51   494     0   778   778   330   226     -0.098      0.043     -0.136      0.174      0.000
   621         21  (g)                -51   494     0   781   781   279   330      0.526     -0.270      2.449      2.519      0.000
   622         21  (g)                -52   493   493   776   776   133   279     -0.156      0.292      0.613      0.697      0.000
   623         21  (g)                -51   498     0   691   691   164   331     -7.045     -1.827     -2.026      7.555      0.000
   624         21  (g)                -51   498     0   702   702   331   101     -3.637     -0.535     -2.005      4.187      0.000
   625         21  (g)                -52   518   518   696   696   101   289     -1.299     -0.086     -1.354      1.878      0.000
   626         21  (g)                -51   306     0   802   802   332   144     -0.164     -0.396      7.594      7.606      0.000
   627         21  (g)                -51   306     0   803   803   201   332     -0.325     -0.331      0.549      0.719      0.000
   628          3  (s)                -53   799   799   303   303   201     0      0.000      0.000     -0.346      0.346      0.000
   629         21  (g)                -51   273     0   868   868   333   196      1.390      0.084      3.640      3.897      0.000
   630         21  (g)                -51   273     0   869   869   192   333     -0.120     -0.170      2.559      2.568      0.000
   631         21  (g)                -52   271   271   866   866   190   192     -0.706     -1.237      0.217      1.440      0.000
   632         21  (g)                -51   556     0   762   762   130   335      0.028     -0.444      0.314      0.545      0.000
   633         21  (g)                -51   556     0   765   765   335   307      0.077     -0.196      3.893      3.898      0.000
   634         21  (g)                -52   557   557   764   764   307   197     -0.282     -0.400      0.750      0.896      0.000
   635         21  (g)                -51   280     0   770   770   336   176      0.350      1.902    -12.202     12.354      0.000
   636         21  (g)                -51   280     0   782   782   134   336     -0.690      2.538    -11.904     12.191      0.000
   637         21  (g)                -53   767   767   277   277   134   198     -0.000     -0.000    456.773    456.773      0.000
   638         21  (g)                -51   594     0   773   773   176   337     -0.290      0.444     -6.887      6.907      0.000
   639         21  (g)                -51   594     0   783   783   337   135     -1.014     -0.804    -11.868     11.939      0.000
   640         21  (g)                -52   593   593   779   779   135   318      0.258     -0.801    -29.515     29.527      0.000
   641         21  (g)                -51   470     0   851   851   204   338     -1.879      0.329    -16.681     16.790      0.000
   642         21  (g)                -51   470     0   856   856   338   169      0.421     -0.004     -6.743      6.756      0.000
   643          2  (u)                -52   471   471   852   852   169     0      1.043     -1.271   -292.949    292.954      0.330
   644         21  (g)                -51   171     0   761   761   166   339      0.729      0.782    158.634    158.638      0.000
   645         21  (g)                -51   171     0   766   766   339   128      0.600      0.873    485.809    485.810      0.000
   646         21  (g)                -52   380   380   760   760   128   240     -0.203      0.495     39.948     39.952      0.000
   647         21  (g)                -42   666   666   616   616   206   207     -0.000     -0.000     18.179     18.179      0.000
   648         21  (g)                -41   667     0   653   323   208   340      0.000      0.000   -135.824    135.824      0.000
   649         21  (g)                -44   515   515   668   668   288   209     -0.004     -0.647    -67.915     67.918      0.000
   650         21  (g)                -44   325   325   669   669   208   207      1.052      0.358     18.094     18.128      0.000
   651         21  (g)                -44   614   614   670   670   328   288     -1.332     -0.640    -54.556     54.576      0.000
   652         21  (g)                -44   615   615   671   671   206   328     -0.073      0.620    -12.161     12.177      0.000
   653         21  (g)                -43   648     0   672   672   209   340      0.357      0.308     -1.107      1.203      0.000
   654         21  (g)                -31   954   954   656   657   341   342      0.000      0.000      3.950      3.950      0.000
   655         21  (g)                -31   955   955   656   657   343   344      0.000      0.000     -0.348      0.348      0.000
   656         21  (g)                -33   654   655   956   956   341   344     -0.463      0.231      3.729      3.765      0.000
   657         21  (g)                -33   654   655   957   957   343   342      0.463     -0.231     -0.127      0.533      0.000
   658         21  (g)                -31   958   958   660   661   347   346      0.000      0.000      0.304      0.304      0.000
   659         -1  (dbar)             -31   959   959   660   661     0   345      0.000      0.000     -9.668      9.668      0.000
   660         21  (g)                -33   658   659   960   960   347   345      0.094      0.487      0.086      0.503      0.000
   661         -1  (dbar)             -33   658   659   961   961     0   346     -0.094     -0.487     -9.450      9.469      0.330
   662         21  (g)                -31   962   962   664   665   349   348      0.000      0.000      4.671      4.671      0.000
   663         21  (g)                -31   963   963   664   665   351   350      0.000      0.000     -5.932      5.932      0.000
   664         21  (g)                -33   662   663   964   964   351   348      0.104     -0.441      4.651      4.673      0.000
   665         21  (g)                -33   662   663   965   965   349   350     -0.104      0.441     -5.912      5.929      0.000
   666         21  (g)                -42   870   870   647   647   206   207      0.000     -0.000     18.179     18.179      0.000
   667         21  (g)                -41   871   871   673   648   352   340     -0.000      0.000   -175.994    175.994      0.000
   668         21  (g)                -44   649   649   872   872   288   209      0.204     -0.697    -67.920     67.924      0.000
   669         21  (g)                -44   650   650   873   873   208   207      1.052      0.358     18.094     18.128      0.000
   670         21  (g)                -44   651   651   874   874   328   288     -1.165     -0.680    -54.562     54.579      0.000
   671         21  (g)                -44   652   652   875   875   206   328     -0.036      0.611    -12.162     12.178      0.000
   672         21  (g)                -44   653   653   876   876   209   340      0.361      0.307     -1.106      1.203      0.000
   673         21  (g)                -43   667     0   877   877   352   208     -0.415      0.100    -40.159     40.161      0.000
   674          1  (d)                -31   966   966   676   677   353     0      0.000      0.000      2.727      2.727      0.000
   675         21  (g)                -31   967   967   676   677   354   353      0.000      0.000     -0.194      0.194      0.000
   676          1  (d)                -33   674   675   968   968   355     0      0.048     -0.397      2.461      2.515      0.330
   677         21  (g)                -33   674   675   969   969   354   355     -0.048      0.397      0.073      0.407      0.000
   678         -3  (sbar)             -31   970   970   680   681     0   356      0.000      0.000      6.300      6.300      0.000
   679         21  (g)                -31   971   971   680   681   358   357      0.000      0.000    -39.233     39.233      0.000
   680         -3  (sbar)             -33   678   679   972   972     0   357      0.314     -0.230      6.283      6.315      0.500
   681         21  (g)                -33   678   679   973   973   358   356     -0.314      0.230    -39.216     39.218      0.000
   682         21  (g)                -42   890   890   339   339   219   218     -0.000      0.000    156.562    156.562      0.000
   683         -3  (sbar)             -41   891   891   686   340     0   359      0.000     -0.000    -11.935     11.935      0.000
   684         21  (g)                -44   341   341   892   892   219   217     -1.033     -0.289    156.458    156.461      0.000
   685         -3  (sbar)             -44   342   342   893   893     0   218      1.248      0.212    -11.689     11.768      0.500
   686         21  (g)                -43   683     0   894   894   217   359     -0.215      0.077     -0.142      0.269      0.000
   687          2  (u)                -61     1     0   396   396   339     0      0.392     -1.448    736.412    736.414      0.000
   688         21  (g)                -61     2     0   397   397   249   131     -1.648     -0.292  -1888.086   1888.086      0.000
   689    4900023  (Zv)               -62   398   398   987   988     0     0    -21.210    -51.441   -739.996   2044.593   1905.170
   690         22  gamma               62   399   399     0     0     0     0     52.615     57.894     -9.017     78.748      0.000
   691         21  (g)                -62   623   623  1158  1158   164   331     -7.048     -1.833     -2.022      7.558      0.000
   692         21  (g)                -62   401   401  1337  1337   108   354     -1.735      0.689      0.557      1.948      0.000
   693         21  (g)                -62   402   402  1423  1423   172   274      1.025     -2.756     -4.054      5.008      0.000
   694         21  (g)                -62   403   403  1024     0   137   226     -1.441      2.347     28.578     28.710      0.000
   695         21  (g)                -62   496   496  1160  1160   103   280     -9.605     -5.492     -3.826     11.708      0.000
   696         21  (g)                -62   625   625  1056     0   101   330     -1.300     -0.087     -1.353      1.878      0.000
   697         21  (g)                -62   406   406  1067     0   203   202     -3.740      1.501      8.316      9.241      0.000
   698         21  (g)                -62   520   520  1424  1424   227   172     -0.363     -0.724     -1.204      1.451      0.000
   699          2  (u)                -62   408   408  1100  1100   249     0     -1.233     -0.215   -425.099    425.101      0.330
   700         21  (g)                -62   497   497  1055     0   280   138     -3.744     -1.384     -0.535      4.027      0.000
   701         21  (g)                -62   519   519  1194  1194   289   116      0.161      0.298     -0.016      0.339      0.000
   702         21  (g)                -62   624   624  1157  1157   331   101     -3.639     -0.538     -2.003      4.189      0.000
   703         21  (g)                -61     1     0    60    60   126   126      0.842     -0.595    129.802    129.806      0.000
   704         21  (g)                -61     2     0   619   619   109   109     -0.016      0.346    -56.461     56.462      0.000
   705         21  (g)                -62   543   543  1416  1416   300   107     -6.268     -4.292    -33.931     34.771      0.000
   706         21  (g)                -62    63    63  1049     0   105   255      3.599     -0.706     -2.677      4.541      0.000
   707          1  (d)                -62   127   127  1085     0   159     0      1.391      3.064      3.981      5.223      0.330
   708         -1  (dbar)             -62    65    65  1059     0     0   286      2.259      3.714    117.531    117.612      0.330
   709         21  (g)                -62   617   617  1053     0   106   121      1.170      1.690     -3.176      3.783      0.000
   710         21  (g)                -62   613   613  1028     0   175   205     -1.401     -2.268     -2.395      3.584      0.000
   711         21  (g)                -62   501   501  1063     0   232   307     -0.166     -0.543      1.318      1.435      0.000
   712         21  (g)                -62   611   611  1414  1414   104   134     -0.698      0.537     -2.477      2.629      0.000
   713         -2  (ubar)             -62   583   583  1162  1162     0   187      0.214     -0.336     -0.339      0.618      0.330
   714         21  (g)                -62   500   500  1065     0   281   320      1.123     -0.301      2.010      2.322      0.000
   715         21  (g)                -62   544   544  1035     0   107   321     -1.294     -0.036     -4.742      4.915      0.000
   716          2  (u)                -62   584   584  1079     0   132     0     -0.921     -1.092      0.757      1.650      0.330
   717         21  (g)                -62   612   612  1045     0   327   254      0.385      0.052     -0.181      0.428      0.000
   718         21  (g)                -62   618   618  1047     0   329   112      1.435      0.268     -2.340      2.758      0.000
   719         21  (g)                -61     1     0   424   424   200   200      0.717      1.451    492.306    492.309      0.000
   720         21  (g)                -61     2     0   295   295   111   111      1.345      1.017     -9.885     10.028      0.000
   721         21  (g)                -62   296   296  1161  1161   187   103     -2.696     -2.721     -1.438      4.091      0.000
   722         21  (g)                -62   422   422  1047     0   112   141      2.102      0.459     -3.018      3.706      0.000
   723         21  (g)                -62   608   608  1025     0   178   315     -1.071      0.824    412.995    412.997      0.000
   724         21  (g)                -62   570   570  1086     0   301   122      0.189      0.149      0.790      0.826      0.000
   725         21  (g)                -62   610   610  1077     0   110   192      0.677     -0.641      7.841      7.896      0.000
   726         21  (g)                -62   301   301  1051     0   113   184      0.178      1.234      0.593      1.381      0.000
   727         21  (g)                -62   423   423  1045     0   254   308      3.325      0.650     -1.736      3.807      0.000
   728         21  (g)                -62   568   568  1196  1196   194   113     -0.326      1.382      0.337      1.460      0.000
   729         21  (g)                -62   569   569  1062     0   313   278     -0.410      0.372      1.339      1.449      0.000
   730         21  (g)                -62   609   609  1022     0   326   155      0.093      0.760     64.720     64.724      0.000
   731         21  (g)                -61     1     0   439   439   117   117     -0.075      2.428    254.076    254.088      0.000
   732         21  (g)                -61     2     0    49    49   115   115      1.865      0.424     -7.323      7.568      0.000
   733         21  (g)                -62    50    50  1518  1518   114   153     -2.588     -0.592    247.719    247.733      0.000
   734         21  (g)                -62   530   530  1085     0   179   159      0.328      0.369      0.339      0.599      0.000
   735         21  (g)                -62   559   559  1053     0   121   329      1.831      2.012     -3.617      4.526      0.000
   736         21  (g)                -62   561   561  1052     0   116   183      0.617      0.892     -0.991      1.469      0.000
   737         21  (g)                -62   532   532  1064     0   259   262     -0.380     -0.050      1.652      1.696      0.000
   738         21  (g)                -62   531   531  1066     0   293   282      0.151     -0.905      2.973      3.111      0.000
   739         21  (g)                -62   560   560  1182  1182   308   215      1.830      1.126     -1.320      2.522      0.000
   740         21  (g)                -61     1     0    44    44   118   119      0.151     -0.006    108.674    108.674      0.000
   741         -2  (ubar)             -61     2     0    59    59     0   118     -0.174     -1.739      1.701      2.439      0.000
   742         21  (g)                -62    57    57  1523  1523   120   299     -0.575      2.151     76.075     76.108      0.000
   743         -2  (ubar)             -62    47    47  1133  1133     0   119     -1.725     -4.240     25.451     25.862      0.330
   744         21  (g)                -62    58    58  1143  1143   125   261      2.277      0.344      8.849      9.144      0.000
   745         21  (g)                -61     1     0   440   440   218   148     -1.802     -1.349    921.365    921.368      0.000
   746          1  (d)                -61     2     0   441   441   148     0     -0.239      0.401   -271.746    271.747      0.000
   747         21  (g)                -62   454   454  1141  1141   122   179      1.640      0.626      0.481      1.820      0.000
   748          1  (d)                -62   521   521  1108  1108   218     0     -3.318     -2.334   -257.950    257.982      0.330
   749         -2  (ubar)             -62   444   444  1083     0     0   233      0.745      1.132     10.794     10.884      0.330
   750          2  (u)                -62   456   456  1527  1527   124     0      1.401      1.454     35.211     35.271      0.330
   751         22  gamma               62   446   446     0     0     0     0      0.037     -0.745      3.416      3.496      0.000
   752         21  (g)                -62   475   475  1513  1513   260   291     -3.035     -1.399    778.523    778.530      0.000
   753         21  (g)                -62   455   455  1060     0   262   304     -0.544     -0.126      1.220      1.342      0.000
   754         21  (g)                -62   580   580  1057     0   269   189      0.796      0.116     20.127     20.143      0.000
   755         21  (g)                -62   582   582  1044     0   123   142      0.551      0.230    -12.918     12.932      0.000
   756         21  (g)                -62   581   581  1025     0   315   260     -0.313      0.097     70.715     70.716      0.000
   757         21  (g)                -61     1     0   167   167   129   129     -1.075     -2.499    706.311    706.316      0.000
   758         21  (g)                -61     2     0   168   168   127   127     -0.633     -0.892     -0.154      1.104      0.000
   759         21  (g)                -62   558   558  1330  1330   197   201     -2.196     -2.070      4.994      5.835      0.000
   760         21  (g)                -62   646   646  1026     0   128   326     -0.265      0.352     39.836     39.839      0.000
   761         21  (g)                -62   644   644  1508  1508   166   302      0.487      0.220    158.252    158.252      0.000
   762         21  (g)                -62   632   632  1072     0   130   267     -0.089     -0.610      0.703      0.935      0.000
   763         21  (g)                -62   381   381  1074     0   240   208      0.786      0.288     10.600     10.633      0.000
   764         21  (g)                -62   634   634  1063     0   307   130     -0.356     -0.507      1.232      1.379      0.000
   765         21  (g)                -62   633   633  1077     0   335   110      0.068     -0.214      4.008      4.014      0.000
   766         21  (g)                -62   645   645  1507  1507   339   166     -0.141     -0.849    486.532    486.533      0.000
   767         21  (g)                -61     1     0   637   637   174   174     -0.564      3.062    456.754    456.765      0.000
   768         21  (g)                -61     2     0   278   278   198   198      1.522     -2.899   -184.139    184.168      0.000
   769         21  (g)                -62   353   353  1185  1185   136   253      3.620     -1.596     -0.810      4.038      0.000
   770         21  (g)                -62   635   635  1412  1412   336   322      0.451      1.709    -12.220     12.348      0.000
   771         21  (g)                -62   281   281  1043     0   162   296      0.404     -1.638     -6.254      6.477      0.000
   772         21  (g)                -62   357   357  1040     0   228   165     -0.859     -1.802    -58.184     58.219      0.000
   773         21  (g)                -62   638   638  1032     0   176   245     -0.233      0.336     -6.893      6.905      0.000
   774         21  (g)                -62   597   597  1024     0   226   257     -0.485      1.029     12.219     12.272      0.000
   775         21  (g)                -62   595   595  1510  1510   319   150     -0.064      1.120    185.096    185.099      0.000
   776         21  (g)                -62   622   622  1062     0   133   313     -0.157      0.296      0.609      0.695      0.000
   777         21  (g)                -62   592   592  1397  1397   318   145      0.496     -0.461    -44.244     44.249      0.000
   778         21  (g)                -62   620   620  1054     0   330   217     -0.097      0.041     -0.137      0.173      0.000
   779         21  (g)                -62   640   640  1402  1402   135   228      0.502     -1.266    -29.502     29.533      0.000
   780         21  (g)                -62   596   596  1026     0   180   128     -1.634      1.292    254.278    254.287      0.000
   781         21  (g)                -62   621   621  1058     0   279   152      0.523     -0.254      2.454      2.522      0.000
   782         21  (g)                -62   636   636  1034     0   134   349     -0.591      2.349    -11.935     12.178      0.000
   783         21  (g)                -62   639   639  1418  1418   337   309     -0.916     -0.992    -11.863     11.939      0.000
   784         21  (g)                -61     1     0   286   286   199   199     -0.220     -0.616    142.683    142.684      0.000
   785         21  (g)                -61     2     0   287   287   161   161      0.913     -1.426   -298.032    298.036      0.000
   786         21  (g)                -62   504   504  1038     0   258   175     -2.586     -3.289     -3.817      5.664      0.000
   787         21  (g)                -62   319   319  1080     0   139   163      1.827      2.319     72.328     72.388      0.000
   788         21  (g)                -62   537   537  1029     0   142   358      0.444      0.110    -14.987     14.994      0.000
   789         21  (g)                -62   464   464  1072     0   267   223     -0.119     -1.818      1.409      2.303      0.000
   790         21  (g)                -62   292   292  1069     0   163   265      1.578      1.082     65.246     65.274      0.000
   791         21  (g)                -62   508   508  1395  1395   284   247      1.446      0.056   -253.852    253.856      0.000
   792         21  (g)                -62   510   510  1028     0   205   227     -0.315     -0.591     -0.591      0.893      0.000
   793         21  (g)                -62   539   539  1048     0   141   225      0.387     -0.125     -0.896      0.984      0.000
   794         21  (g)                -62   502   502  1066     0   282   232     -0.082     -0.404      1.522      1.577      0.000
   795         21  (g)                -62   503   503  1055     0   138   164     -1.124     -0.385     -0.200      1.205      0.000
   796         21  (g)                -62   509   509  1036     0   140   337     -0.036     -0.263     -1.726      1.747      0.000
   797         21  (g)                -62   538   538  1032     0   298   176     -0.727      1.267    -19.784     19.838      0.000
   798          1  (d)                -61     1     0   302   302   119     0     -0.951      0.121    108.243    108.247      0.000
   799          3  (s)                -61     2     0   628   628   273     0      0.250     -0.250     -0.254      0.435      0.000
   800          1  (d)                -62   304   304  1492  1492   273     0      0.720     -1.931     91.942     91.966      0.330
   801          3  (s)                -62   305   305  1132  1132   119     0     -0.925      2.586      7.789      8.275      0.500
   802         21  (g)                -62   626   626  1073     0   332   316     -0.227     -0.392      7.685      7.698      0.000
   803         21  (g)                -62   627   627  1061     0   201   311     -0.269     -0.392      0.572      0.744      0.000
   804          2  (u)                -61     1     0   162   162   147     0     -0.813      2.574      0.740      2.799      0.000
   805          1  (d)                -61     2     0   591   591   317     0      0.594     -0.557  -1626.364   1626.364      0.000
   806          2  (u)                -62   589   589  1240  1240   317     0     -3.566      2.959     -1.528      4.890      0.330
   807         21  (g)                -62   165   165  1396  1396   145   284      0.812      0.407    -66.020     66.026      0.000
   808          1  (d)                -62   166   166  1227  1227   147     0      2.125     -1.871  -1556.842   1556.845      0.330
   809         21  (g)                -62   590   590  1046     0   146   106      0.410      0.522     -1.234      1.402      0.000
   810         21  (g)                -61     1     0   176   176   151   151     -2.414      2.407    513.045    513.056      0.000
   811         21  (g)                -61     2     0   177   177   149   149     -0.782      1.558    -71.702     71.723      0.000
   812         21  (g)                -62   431   431  1526  1526   257   124      0.010      0.506      7.573      7.590      0.000
   813         21  (g)                -62   524   524  1511  1511   150   178     -0.564      1.130    403.976    403.978      0.000
   814         21  (g)                -62   180   180  1031     0   171   123      0.840      2.556    -71.548     71.599      0.000
   815         21  (g)                -62   540   540  1348  1348   256   332     -0.919     -0.248     14.455     14.486      0.000
   816         21  (g)                -62   526   526  1058     0   152   333      0.177     -0.150      0.861      0.892      0.000
   817         21  (g)                -62   542   542  1081     0   202   283     -0.797     -0.256      5.634      5.696      0.000
   818         21  (g)                -62   525   525  1023     0   291   277     -0.040     -0.573     64.413     64.416      0.000
   819         21  (g)                -62   541   541  1524  1524   299   137     -1.903      1.000     15.979     16.123      0.000
   820         21  (g)                -61     1     0   588   588   195   169     -0.821     -0.173    437.641    437.642      0.000
   821          2  (u)                -61     2     0   247   247   169     0     -1.999      0.677   -115.221    115.241      0.000
   822         21  (g)                -62   411   411  1519  1519   153   231     -4.561      0.666    305.400    305.435      0.000
   823          2  (u)                -62   564   564  1279  1279   195     0     -0.673      2.391    -70.125     70.170      0.330
   824         21  (g)                -62   598   598  1065     0   320   351      0.575     -0.258      0.852      1.059      0.000
   825         21  (g)                -62   360   360  1040     0   165   328     -0.389     -0.556    -27.996     28.004      0.000
   826         21  (g)                -62   448   448  1084     0   261   252      0.625      0.063      1.770      1.878      0.000
   827         21  (g)                -62   586   586  1070     0   251   240      0.559     -0.106     10.283     10.298      0.000
   828         21  (g)                -62   254   254  1516  1516   188   222     -0.367     -0.477     29.339     29.346      0.000
   829         21  (g)                -62   600   600  1068     0   189   212      1.245      0.264     27.642     27.671      0.000
   830         21  (g)                -62   601   601  1049     0   154   105      0.259     -0.045     -0.285      0.388      0.000
   831         21  (g)                -62   529   529  1037     0   229   168      1.009     -0.416     -6.047      6.145      0.000
   832         21  (g)                -62   410   410  1022     0   155   120      0.012      0.437     28.034     28.037      0.000
   833         -1  (dbar)             -62   527   527  1197  1197     0   194     -0.157      0.441      1.049      1.195      0.330
   834          1  (d)                -62   528   528  1154  1154   177     0      0.250      1.094     -0.229      1.192      0.330
   835         21  (g)                -62   603   603  1033     0   309   239     -0.285     -0.094     -4.300      4.310      0.000
   836         21  (g)                -62   587   587  1073     0   316   335     -0.728     -1.841     24.530     24.610      0.000
   837         21  (g)                -62   599   599  1076     0   160   279      0.954     -1.143      7.689      7.832      0.000
   838         21  (g)                -62   602   602  1035     0   321   104     -1.146      0.084     -5.187      5.312      0.000
   839         -1  (dbar)             -61     1     0   571   571     0   156     -0.660     -1.242      1.900      2.364      0.000
   840         21  (g)                -61     2     0   572   572   156   314     -1.801     -1.311    -74.692     74.726      0.000
   841         -1  (dbar)             -62   573   573  1251  1251     0   314     -2.437     -2.653      0.001      3.618      0.330
   842         21  (g)                -62   574   574  1030     0   158   298     -1.935      1.120    -26.958     27.050      0.000
   843         21  (g)                -62   575   575  1403  1403   173   135      1.242     -0.913    -21.089     21.146      0.000
   844         21  (g)                -62   576   576  1186  1186   255   136      0.607     -0.529     -0.539      0.969      0.000
   845         21  (g)                -62   577   577  1030     0   266   158     -0.520      0.212     -6.766      6.790      0.000
   846         21  (g)                -62   578   578  1031     0   306   171      0.148      0.487    -15.518     15.526      0.000
   847         21  (g)                -62   579   579  1037     0   157   229      0.434     -0.276     -1.924      1.991      0.000
   848         21  (g)                -61     1     0   467   467   169   118      1.882      0.442     20.346     20.438      0.000
   849          2  (u)                -61     2     0   468   468   118     0      0.934      3.635   -323.978    324.000      0.000
   850         21  (g)                -62   469   469  1155  1155   170   177     -0.588      2.434     -0.614      2.578      0.000
   851         21  (g)                -62   641   641  1410  1410   204   266     -1.826      0.517    -16.604     16.712      0.000
   852          2  (u)                -62   643   643  1239  1239   169     0      1.887      2.018   -293.074    293.087      0.330
   853         21  (g)                -62   472   472  1043     0   168   162      0.428     -0.954     -5.685      5.780      0.000
   854         21  (g)                -62   473   473  1084     0   252   301      1.903     -0.042      4.558      4.940      0.000
   855         21  (g)                -62   474   474  1057     0   268   269      0.569      0.031     14.551     14.562      0.000
   856         21  (g)                -62   642   642  1404  1404   338   173      0.441      0.072     -6.764      6.778      0.000
   857         21  (g)                -61     1     0   227   227   181   181     -0.965      1.393     94.587     94.602      0.000
   858         21  (g)                -61     2     0   228   228   185   185     -0.438      0.570     -5.122      5.172      0.000
   859         21  (g)                -62   260   260  1052     0   183   347      0.402      1.208     -1.479      1.951      0.000
   860         21  (g)                -62   365   365  1051     0   184   289      0.860      2.438      1.030      2.783      0.000
   861         21  (g)                -62   363   363  1520  1520   231   180     -0.697      0.180     88.520     88.523      0.000
   862         21  (g)                -62   261   261  1038     0   193   258     -1.328     -1.498     -2.127      2.921      0.000
   863         21  (g)                -62   364   364  1075     0   182   341     -0.641     -0.364      3.520      3.597      0.000
   864         21  (g)                -61     1     0   269   269   191   196      0.612     -0.781      7.142      7.211      0.000
   865          1  (d)                -61     2     0   270   270   196     0      1.714     -1.035    -41.236     41.285      0.000
   866         21  (g)                -62   631   631  1071     0   190   108     -0.608     -1.343      0.176      1.485      0.000
   867          1  (d)                -62   272   272  1091  1091   191     0      1.116      0.307    -40.409     40.427      0.330
   868         21  (g)                -62   629   629  1082     0   333   281      1.720     -0.331      3.596      4.000      0.000
   869         21  (g)                -62   630   630  1076     0   192   160      0.099     -0.449      2.543      2.585      0.000
   870         21  (g)                -61     1     0   666   666   340   340      0.738      0.031     18.170     18.185      0.000
   871         21  (g)                -61     2     0   667   667   207   207     -0.847      0.551   -175.988    175.991      0.000
   872         21  (g)                -62   668   668  1041     0   288   318     -0.123     -0.484    -67.923     67.925      0.000
   873         21  (g)                -62   669   669  1074     0   208   256      1.787      0.389     18.062     18.154      0.000
   874         21  (g)                -62   670   670  1400  1400   328   352     -1.428     -0.509    -54.534     54.555      0.000
   875         21  (g)                -62   671   671  1039     0   206   306     -0.094      0.649    -12.161     12.178      0.000
   876         21  (g)                -62   672   672  1046     0   209   146      0.357      0.311     -1.114      1.211      0.000
   877         21  (g)                -62   673   673  1399  1399   352   325     -0.609      0.226    -40.148     40.153      0.000
   878          3  (s)                -61     1     0   326   326   118     0     -0.175     -0.356      7.314      7.325      0.000
   879         -2  (ubar)             -61     2     0   327   327     0   118      1.388      0.477     -0.745      1.646      0.000
   880          3  (s)                -62   567   567  1105  1107   211     0     -0.677      0.348      5.178      5.258      0.500
   881         -2  (ubar)             -62   419   419  1105  1107     0   211      1.332      0.671      0.442      1.590      0.330
   882         21  (g)                -62   565   565  1050     0   253   343      1.068     -0.466      0.328      1.210      0.000
   883         21  (g)                -62   566   566  1061     0   311   132     -0.509     -0.433      0.621      0.913      0.000
   884         21  (g)                -61     1     0   334   334   214   214      1.977      0.342     54.497     54.534      0.000
   885         21  (g)                -61     2     0   335   335   216   216     -1.147     -0.018   -119.747    119.753      0.000
   886          4  (c)                -62   451   451  1181  1181   215     0      0.063      0.222      0.299      1.547      1.500
   887         21  (g)                -62   337   337  1042     0   213   131     -0.054      0.155   -117.237    117.237      0.000
   888         21  (g)                -62   453   453  1070     0   212   251      2.250     -0.672     52.948     53.000      0.000
   889         -4  (cbar)             -62   452   452  1427  1427     0   193     -1.430      0.619     -1.260      2.503      1.500
   890         21  (g)                -61     1     0   682   682   273   218      1.751     -1.327    156.568    156.584      0.000
   891         -3  (sbar)             -61     2     0   683   683     0   273     -0.663      0.264    -11.919     11.940      0.000
   892         21  (g)                -62   684   684  1515  1515   219   188      0.717     -1.615    156.494    156.503      0.000
   893         -3  (sbar)             -62   685   685  1109  1109     0   218      0.597      0.471    -11.711     11.747      0.500
   894         21  (g)                -62   686   686  1054     0   217   170     -0.225      0.081     -0.133      0.274      0.000
   895         21  (g)                -61     1     0   343   343   156   191     -1.968     -0.525    122.927    122.944      0.000
   896         -2  (ubar)             -61     2     0   344   344     0   156     -0.871      0.237     -9.239      9.283      0.000
   897         21  (g)                -62   345   345  1517  1517   222   114     -2.937     -0.959    122.923    122.962      0.000
   898         -2  (ubar)             -62   346   346  1092  1092     0   191      0.097      0.671     -9.235      9.265      0.330
   899          3  (s)                -61     1     0   383   383   156     0      0.188      0.416    114.139    114.140      0.000
   900         21  (g)                -61     2     0   384   384   264   156      1.268     -0.583     -4.352      4.571      0.000
   901          3  (s)                -62   385   385  1297  1297   264     0     -0.559      1.192    113.743    113.752      0.500
   902         21  (g)                -62   386   386  1071     0   223   190     -0.010     -0.294      0.093      0.308      0.000
   903         21  (g)                -62   387   387  1048     0   225   154      2.025     -1.065     -4.049      4.651      0.000
   904         21  (g)                -61     1     0   369   369   234   156      0.227     -0.575     14.773     14.786      0.000
   905          3  (s)                -61     2     0   507   507   156     0     -0.407     -0.770     -0.084      0.875      0.000
   906         21  (g)                -62   505   505  1081     0   283   182     -1.090     -1.091     10.500     10.612      0.000
   907          3  (s)                -62   372   372  1529  1529   234     0      0.575     -0.525      0.093      0.930      0.500
   908         21  (g)                -62   506   506  1083     0   233   125      0.335      0.270      4.097      4.119      0.000
   909         21  (g)                -61     1     0   376   376   238   238     -0.584      0.086     -4.459      4.498      0.000
   910         21  (g)                -61     2     0   377   377   236   236     -0.419      0.170   -198.537    198.537      0.000
   911         21  (g)                -62   378   378  1033     0   239   300     -1.375     -0.418    -27.349     27.387      0.000
   912         21  (g)                -62   379   379  1042     0   237   213      0.372      0.673   -175.646    175.648      0.000
   913          2  (u)                -61     1     0   388   388   244     0     -0.066     -0.094    345.009    345.009      0.000
   914         21  (g)                -61     2     0   389   389   118   244     -0.032     -0.085      0.736      0.741      0.000
   915          2  (u)                -62   390   390  1313  1313   118     0     -0.731     -0.701    243.925    243.927      0.330
   916         21  (g)                -62   391   391  1027     0   242   319      0.632      0.521    101.820    101.823      0.000
   917         21  (g)                -61     1     0   392   392   248   248      0.151     -0.243     -2.723      2.738      0.000
   918         21  (g)                -61     2     0   393   393   246   246      0.654     -0.115   -423.511    423.511      0.000
   919         21  (g)                -62   394   394  1039     0   245   206     -0.398      0.504    -16.041     16.054      0.000
   920         21  (g)                -62   395   395  1394  1394   247   237      1.203     -0.862   -410.192    410.195      0.000
   921         21  (g)                -61     1     0   457   457   196   264     -1.722      0.277      8.892      9.061      0.000
   922         -2  (ubar)             -61     2     0   458   458     0   196     -0.990      1.855    -16.863     16.993      0.000
   923         21  (g)                -62   490   490  1067     0   278   203     -1.029      0.460      2.622      2.854      0.000
   924         -2  (ubar)             -62   492   492  1298  1298     0   264     -1.799      1.645    -16.807     16.986      0.330
   925         21  (g)                -62   491   491  1069     0   265   268      0.116      0.027      6.214      6.215      0.000
   926          1  (d)                -61     1     0   478   478   196     0      0.847     -0.279     76.796     76.802      0.000
   927          3  (s)                -61     2     0   479   479   271     0     -0.080      1.149     -2.979      3.194      0.000
   928          1  (d)                -62   480   480  1125  1125   271     0      0.622      0.511     76.872     76.877      0.330
   929          3  (s)                -62   481   481  1288  1288   196     0      0.145      0.360     -3.054      3.119      0.500
   930         21  (g)                -61     1     0   482   482   272   273      0.906     -0.616     -2.420      2.656      0.000
   931         -1  (dbar)             -61     2     0   483   483     0   272     -0.704     -0.428   -158.897    158.899      0.000
   932         21  (g)                -62   484   484  1422  1422   274   157      0.244     -1.103     -2.560      2.798      0.000
   933         -1  (dbar)             -62   485   485  1493  1493     0   273     -0.042      0.059   -158.757    158.757      0.330
   934         21  (g)                -61     1     0   486   486   156   118      0.842     -0.683    104.439    104.445      0.000
   935         -1  (dbar)             -61     2     0   487   487     0   156     -0.038     -0.004    -13.433     13.433      0.000
   936         21  (g)                -62   488   488  1023     0   277   219      0.116     -1.061    104.426    104.431      0.000
   937         -1  (dbar)             -62   489   489  1314  1314     0   118      0.688      0.374    -13.419     13.446      0.330
   938         21  (g)                -61     1     0   511   511   148   147      0.962      0.329     22.098     22.121      0.000
   939          3  (s)                -61     2     0   512   512   147     0     -2.009      2.004     -7.326      7.857      0.000
   940         21  (g)                -62   513   513  1059     0   286   139      0.318      0.754     22.215     22.230      0.000
   941          3  (s)                -62   514   514  1116  1116   148     0     -1.366      1.578     -7.444      7.747      0.500
   942         21  (g)                -61     1     0   533   533   297   297     -1.296     -1.152      1.281      2.156      0.000
   943         21  (g)                -61     2     0   534   534   295   295      0.259     -2.217    -14.687     14.856      0.000
   944         21  (g)                -62   535   535  1331  1331   294   197     -1.233     -0.380      1.401      1.905      0.000
   945         21  (g)                -62   536   536  1036     0   296   140      0.195     -2.989    -14.807     15.107      0.000
   946         21  (g)                -61     1     0   549   549   305   305      0.886      0.584    180.101    180.104      0.000
   947         21  (g)                -61     2     0   550   550   303   303     -0.016     -0.134     -0.053      0.145      0.000
   948         21  (g)                -62   551   551  1027     0   302   242      1.585      0.742    178.594    178.602      0.000
   949         21  (g)                -62   552   552  1060     0   304   294     -0.715     -0.292      1.455      1.647      0.000
   950         21  (g)                -61     1     0   604   604   324   324      0.648      0.526     -2.311      2.457      0.000
   951         21  (g)                -61     2     0   605   605   323   323     -0.212      0.050    -47.958     47.958      0.000
   952         21  (g)                -62   606   606  1411  1411   322   204      0.779      1.152     -6.773      6.915      0.000
   953         21  (g)                -62   607   607  1041     0   325   288     -0.344     -0.576    -43.495     43.500      0.000
   954         21  (g)                -61     1     0   654   654   344   344     -0.402     -0.716      3.789      3.877      0.000
   955         21  (g)                -61     2     0   655   655   342   342      0.624      0.021     -0.016      0.625      0.000
   956         21  (g)                -62   656   656  1064     0   341   259     -0.778     -0.389      3.185      3.302      0.000
   957         21  (g)                -62   657   657  1050     0   343   327      1.000     -0.306      0.588      1.200      0.000
   958         21  (g)                -61     1     0   658   658   156   272      0.104      1.610     -2.422      2.910      0.000
   959         -1  (dbar)             -61     2     0   659   659     0   156      0.440     -1.296     -7.098      7.229      0.000
   960         21  (g)                -62   660   660  1192  1192   347   209      0.267      1.797     -3.771      4.186      0.000
   961         -1  (dbar)             -62   661   661  1096  1096     0   272      0.278     -1.483     -5.749      5.953      0.330
   962         21  (g)                -61     1     0   662   662   350   350      0.433     -1.919      4.494      4.906      0.000
   963         21  (g)                -61     2     0   663   663   348   348     -0.073      0.547     -5.766      5.792      0.000
   964         21  (g)                -62   664   664  1342  1342   351   293      0.535     -2.347      4.360      4.980      0.000
   965         21  (g)                -62   665   665  1034     0   349   336     -0.175      0.974     -5.632      5.718      0.000
   966          1  (d)                -61     1     0   674   674   264     0     -0.021     -0.441      2.455      2.494      0.000
   967         21  (g)                -61     2     0   675   675   131   264     -0.474      0.295      0.233      0.605      0.000
   968          1  (d)                -62   676   676  1392  1392   131     0     -0.053     -0.693      1.862      2.015      0.330
   969         21  (g)                -62   677   677  1078     0   354   133     -0.442      0.547      0.826      1.085      0.000
   970         -3  (sbar)             -61     1     0   678   678     0   156      1.497     -0.019      6.226      6.403      0.000
   971         21  (g)                -61     2     0   679   679   156   271      1.367     -0.111    -39.295     39.319      0.000
   972         -3  (sbar)             -62   680   680  1126  1126     0   271      1.812     -0.249      6.177      6.461      0.500
   973         21  (g)                -62   681   681  1029     0   358   338      1.052      0.118    -39.246     39.261      0.000
   974         -2  (ubar)             -63     1     0  1262  1262     0   156     -0.220      0.210     42.924     42.926      0.330
   975         -3  (sbar)             -63     1     0  1289  1289     0   196     -0.465     -0.217    357.500    357.500      0.500
   976         -1  (dbar)             -63     1     0  1280  1280     0   195      0.528     -0.415     14.406     14.425      0.330
   977          2  (u)                -63     2     0  1261  1261   156     0      0.423      0.213    -20.760     20.768      0.330
   978         -3  (sbar)             -63     2     0  1088  1088     0   364      0.316     -0.044    -15.450     15.462      0.500
   979         -1  (dbar)             -63     2     0  1101  1101     0   249      0.124     -0.031     -7.044      7.053      0.330
   980          2  (u)                -63     2     0  1095  1095   272     0     -0.243     -0.233    -17.234     17.241      0.330
   981          2  (u)                -63     2     0  1250  1250   314     0      0.800     -0.138   -352.416    352.417      0.330
   982         -3  (sbar)             -63     2     0  1228  1228     0   147      0.138     -0.038      0.044      0.522      0.500
   983          2  (u)                -63     2     0  1528  1528   244     0     -0.073     -0.121    -13.954     13.958      0.330
   984         -3  (sbar)             -63     2     0  1117  1117     0   148     -0.176      0.182    -65.736     65.738      0.500
   985          1  (d)                -63     2     0  1087  1087   364     0      0.407     -0.043    -45.512     45.515      0.330
   986          1  (d)                -63     2     0  1238  1238   372     0     -0.143      0.169     -8.210      8.219      0.330
   987    4900102  (qv2)              -23   689     0   989   990     0     0   -380.610    159.375  -1290.049   1354.470     10.000
   988   -4900102  (qv2bar)           -23   689     0   991   991     0     0    359.401   -210.816    550.052    690.123     10.000
   989    4900102  (qv2)              -51   987     0   994   994     0     0   -173.058    110.017   -846.779    871.314     10.000
   990    4900021  (gv)               -51   987     0   992   993     0     0   -205.229     47.995   -439.713    487.617      0.000
   991   -4900102  (qv2bar)           -52   988   988   995   996     0     0    357.077   -209.453    546.496    685.662     10.000
   992    4900021  (gv)               -51   990     0   997   997     0     0   -119.187     11.472   -228.316    257.809      0.000
   993    4900021  (gv)               -51   990     0  1000  1000     0     0   -108.746     51.056   -323.172    344.779      0.000
   994    4900102  (qv2)              -52   989   989  1004  1004     0     0   -150.354     95.484   -735.004    756.343     10.000
   995   -4900102  (qv2bar)           -51   991     0  1010  1010     0     0    325.514   -187.481    498.441    624.221     10.000
   996    4900021  (gv)               -51   991     0  1003  1003     0     0     31.538    -21.970     48.006     61.497      0.000
   997    4900021  (gv)               -52   992   992   998   999     0     0   -119.161     11.470   -228.267    257.753      0.000
   998    4900021  (gv)               -51   997     0  1001  1002     0     0   -121.672     12.898   -233.208    263.356      0.000
   999    4900021  (gv)               -51   997     0  1006  1006     0     0     -4.218      1.731    -15.057     15.732      0.000
  1000    4900021  (gv)               -52   993   993  1005  1005     0     0   -102.017     47.897   -303.175    323.445      0.000
  1001    4900021  (gv)               -51   998     0  1007  1007     0     0   -121.542     12.636   -233.312    263.375      0.000
  1002    4900021  (gv)               -51   998     0  1008  1008     0     0      0.279     -0.023      0.726      0.778      0.000
  1003    4900021  (gv)               -52   996   996  1009  1009     0     0     31.129    -21.685     47.384     60.700      0.000
  1004    4900102  (qv2)              -71   994   994  1011  1021     0     0   -150.354     95.484   -735.004    756.343     10.000
  1005    4900021  (gv)               -71  1000  1000  1011  1021     0     0   -102.017     47.897   -303.175    323.445      0.000
  1006    4900021  (gv)               -71   999   999  1011  1021     0     0     -4.218      1.731    -15.057     15.732      0.000
  1007    4900021  (gv)               -71  1001  1001  1011  1021     0     0   -121.542     12.636   -233.312    263.375      0.000
  1008    4900021  (gv)               -71  1002  1002  1011  1021     0     0      0.279     -0.023      0.726      0.778      0.000
  1009    4900021  (gv)               -71  1003  1003  1011  1021     0     0     31.129    -21.685     47.384     60.700      0.000
  1010   -4900102  (qv2bar)           -71   995   995  1011  1021     0     0    325.514   -187.481    498.441    624.221     10.000
  1011    4900213  (rhovUp)           -83  1004  1010  1795  1796     0     0    -69.819     43.916   -333.885    344.162     12.840
  1012    4900113  (rhovDiag)         -83  1004  1010  1806  1807     0     0    -78.861     46.530   -354.486    366.346     12.840
  1013    4900113  (rhovDiag)         -83  1004  1010  1817  1818     0     0    -64.940     24.734   -203.695    215.605     12.840
  1014   -4900213  (rhovDn)           -83  1004  1010  1819  1820     0     0    -19.749     12.672    -83.644     87.816     12.840
  1015    4900113  (rhovDiag)         -83  1004  1010  1821  1822     0     0    -80.557     29.921   -187.498    206.651     12.840
  1016    4900211  (pivUp)            -83  1004  1010  1823  1824     0     0    -59.086     -1.232   -111.047    139.573     60.470
  1017    4900113  (rhovDiag)         -84  1004  1010  1825  1826     0     0      4.200     -8.068      4.232     16.295     12.840
  1018   -4900213  (rhovDn)           -84  1004  1010  1827  1828     0     0     26.473    -15.337     40.769     52.564     12.840
  1019    4900213  (rhovUp)           -84  1004  1010  1838  1839     0     0     56.191    -29.316     87.531    108.828     12.840
  1020   -4900213  (rhovDn)           -84  1004  1010  1840  1841     0     0    132.633    -68.136    183.750    236.987     12.840
  1021    4900113  (rhovDiag)         -84  1004  1010  1845  1846     0     0    132.304    -87.125    217.976    269.765     12.840
  1022         21  (g)                -73   730   832  1522  1522   326   120      0.105      1.196     92.753     92.761      0.169
  1023         21  (g)                -73   818   936  1514  1514   291   219      0.076     -1.634    168.839    168.847      0.176
  1024         21  (g)                -73   694   774  1525  1525   137   257     -1.926      3.376     40.797     40.982      0.204
  1025         21  (g)                -73   723   756  1512  1512   178   260     -1.383      0.921    483.710    483.713      0.331
  1026         21  (g)                -73   760   780  1521  1521   180   326     -1.899      1.644    294.114    294.125      0.379
  1027         21  (g)                -73   916   948  1509  1509   302   319      2.217      1.264    280.414    280.426      0.382
  1028         21  (g)                -73   710   792  1425  1425   175   227     -1.716     -2.859     -2.986      4.477      0.088
  1029         21  (g)                -73   788   973  1044     0   142   338      1.496      0.228    -54.233     54.254      0.125
  1030         21  (g)                -73   842   845  1409  1409   266   298     -2.454      1.331    -33.724     33.840      0.154
  1031         21  (g)                -73   814   846  1406  1406   306   123      0.988      3.043    -87.066     87.125      0.163
  1032         21  (g)                -73   773   797  1408  1408   298   245     -0.960      1.603    -26.676     26.742      0.182
  1033         21  (g)                -73   835   911  1417  1417   309   300     -1.660     -0.512    -31.649     31.697      0.189
  1034         21  (g)                -73   782   965  1413  1413   134   336     -0.766      3.323    -17.567     17.896      0.244
  1035         21  (g)                -73   715   838  1415  1415   107   104     -2.440      0.047     -9.928     10.228      0.276
  1036         21  (g)                -73   796   945  1419  1419   296   337      0.160     -3.252    -16.534     16.854      0.300
  1037         21  (g)                -73   831   847  1421  1421   157   168      1.442     -0.693     -7.971      8.136      0.318
  1038         21  (g)                -73   786   862  1426  1426   193   175     -3.915     -4.787     -5.944      8.584      0.353
  1039         21  (g)                -73   875   919  1407  1407   245   306     -0.492      1.153    -28.202     28.232      0.389
  1040         21  (g)                -73   772   825  1401  1401   228   328     -1.249     -2.359    -86.180     86.222      0.449
  1041         21  (g)                -73   872   953  1398  1398   325   318     -0.467     -1.060   -111.418    111.425      0.468
  1042         21  (g)                -73   887   912  1393  1393   237   131      0.318      0.828   -292.883    292.885      0.516
  1043         21  (g)                -73   771   853  1420  1420   168   296      0.832     -2.592    -11.938     12.257      0.554
  1044         21  (g)                -73   755  1029  1405  1405   123   338      2.046      0.458    -67.151     67.186      0.555
  1045         21  (g)                -73   717   727  1183  1183   327   308      3.709      0.702     -1.918      4.235      0.082
  1046         21  (g)                -73   809   876  1191  1191   209   106      0.768      0.833     -2.349      2.612      0.159
  1047         21  (g)                -73   718   722  1189  1189   329   141      3.537      0.727     -5.358      6.464      0.204
  1048         21  (g)                -73   793   903  1188  1188   141   154      2.412     -1.190     -4.945      5.635      0.251
  1049         21  (g)                -73   706   830  1187  1187   154   255      3.859     -0.751     -2.962      4.929      0.260
  1050         21  (g)                -73   882   957  1184  1184   253   327      2.068     -0.772      0.916      2.410      0.312
  1051         21  (g)                -73   726   860  1195  1195   113   289      1.038      3.672      1.623      4.164      0.374
  1052         21  (g)                -73   736   859  1193  1193   116   347      1.020      2.099     -2.470      3.420      0.389
  1053         21  (g)                -73   709   735  1190  1190   106   329      3.001      3.702     -6.793      8.309      0.428
  1054         21  (g)                -73   778   894  1056     0   330   170     -0.322      0.122     -0.270      0.447      0.089
  1055         21  (g)                -73   700   795  1159  1159   280   164     -4.868     -1.769     -0.735      5.232      0.091
  1056         21  (g)                -73   696  1054  1156  1156   101   170     -1.623      0.035     -1.623      2.325      0.372
  1057         21  (g)                -73   754   855  1068     0   268   189      1.365      0.147     34.678     34.705      0.062
  1058         21  (g)                -73   781   816  1344  1344   279   333      0.699     -0.404      3.315      3.414      0.104
  1059         -1  (dbar)             -73   708   940  1080     0     0   139      2.577      4.468    139.747    139.843      0.454
  1060         21  (g)                -73   753   949  1332  1332   262   294     -1.258     -0.419      2.675      2.989      0.137
  1061         21  (g)                -73   803   883  1079     0   201   132     -0.778     -0.825      1.193      1.656      0.183
  1062         21  (g)                -73   729   776  1078     0   133   278     -0.567      0.668      1.948      2.144      0.185
  1063         21  (g)                -73   711   764  1340  1340   232   130     -0.523     -1.049      2.551      2.815      0.204
  1064         21  (g)                -73   737   956  1075     0   341   262     -1.158     -0.439      4.837      4.998      0.211
  1065         21  (g)                -73   714   824  1082     0   281   351      1.697     -0.559      2.862      3.381      0.223
  1066         21  (g)                -73   738   794  1341  1341   293   232      0.068     -1.310      4.494      4.688      0.237
  1067         21  (g)                -73   697   923  1335  1335   278   202     -4.769      1.961     10.938     12.095      0.246
  1068         21  (g)                -73   829  1057  1351  1351   268   212      2.610      0.411     62.319     62.376      0.254
  1069         21  (g)                -73   790   925  1352  1352   163   268      1.694      1.109     71.459     71.488      0.270
  1070         21  (g)                -73   827   888  1350  1350   212   240      2.809     -0.778     63.230     63.298      0.282
  1071         21  (g)                -73   866   902  1338  1338   223   108     -0.619     -1.636      0.268      1.793      0.285
  1072         21  (g)                -73   762   789  1339  1339   130   223     -0.208     -2.428      2.111      3.238      0.294
  1073         21  (g)                -73   802   836  1347  1347   332   335     -0.955     -2.233     32.215     32.308      0.329
  1074         21  (g)                -73   763   873  1349  1349   240   256      2.573      0.677     28.662     28.787      0.350
  1075         21  (g)                -73   863  1064  1333  1333   182   262     -1.798     -0.803      8.357      8.594      0.366
  1076         21  (g)                -73   837   869  1345  1345   192   279      1.053     -1.592     10.233     10.417      0.397
  1077         21  (g)                -73   725   765  1346  1346   335   192      0.745     -0.856     11.849     11.910      0.420
  1078         21  (g)                -73   969  1062  1336  1336   354   278     -1.008      1.215      2.774      3.228      0.486
  1079          2  (u)                -73   716  1061  1329  1329   201     0     -1.699     -1.917      1.951      3.306      0.752
  1080         -1  (dbar)             -73  1059   787  1353  1353     0   163      4.404      6.788    212.075    212.231      0.885
  1081         21  (g)                -73   817   906  1334  1334   202   182     -1.887     -1.347     16.133     16.308      0.534
  1082         21  (g)                -73   868  1065  1343  1343   333   351      3.417     -0.890      6.457      7.381      0.555
  1083         -2  (ubar)             -73   749   908  1144  1144     0   125      1.079      1.402     14.891     15.003      0.473
  1084         21  (g)                -73   826   854  1086     0   261   301      2.528      0.021      6.329      6.818      0.214
  1085          1  (d)                -73   707   734  1140  1140   179     0      1.719      3.433      4.319      5.821      0.702
  1086         21  (g)                -73   724  1084  1142  1142   261   122      2.717      0.170      7.119      7.644      0.588
  1087          1  (d)                -71   985   985  1089  1090   364     0      0.407     -0.043    -45.512     45.515      0.330
  1088         -3  (sbar)             -71   978   978  1089  1090     0   364      0.316     -0.044    -15.450     15.462      0.500
  1089       -211  pi-                 82  1087  1088     0     0     0     0      0.291      0.055    -17.323     17.327      0.140
  1090        323  (K*+)              -82  1087  1088  1582  1583     0     0      0.432     -0.143    -43.639     43.650      0.884
  1091          1  (d)                -71   867   867  1093  1094   191     0      1.116      0.307    -40.409     40.427      0.330
  1092         -2  (ubar)             -71   898   898  1093  1094     0   191      0.097      0.671     -9.235      9.265      0.330
  1093        313  (K*0)              -82  1091  1092  1584  1585     0     0      0.948      0.674    -25.598     25.638      0.840
  1094       -321  K-                  82  1091  1092     0     0     0     0      0.265      0.304    -24.046     24.054      0.494
  1095          2  (u)                -71   980   980  1097  1099   272     0     -0.243     -0.233    -17.234     17.241      0.330
  1096         -1  (dbar)             -71   961   961  1097  1099     0   272      0.278     -1.483     -5.749      5.953      0.330
  1097        221  (eta)              -83  1095  1096  1853  1854     0     0      0.031     -0.112     -5.088      5.119      0.548
  1098        213  (rho+)             -83  1095  1096  1586  1587     0     0     -0.551     -0.347    -10.944     10.987      0.731
  1099        111  (pi0)              -84  1095  1096  1855  1856     0     0      0.556     -1.257     -6.951      7.087      0.135
  1100          2  (u)                -71   699   699  1102  1104   249     0     -1.233     -0.215   -425.099    425.101      0.330
  1101         -1  (dbar)             -71   979   979  1102  1104     0   249      0.124     -0.031     -7.044      7.053      0.330
  1102        213  (rho+)             -83  1100  1101  1588  1589     0     0     -1.271     -0.354   -379.948    379.951      0.947
  1103        111  (pi0)              -83  1100  1101  1857  1858     0     0     -0.098      0.002     -4.039      4.042      0.135
  1104        221  (eta)              -84  1100  1101  1859  1861     0     0      0.261      0.107    -48.157     48.161      0.548
  1105       -323  (K*-)              -83   880   881  1590  1591     0     0     -0.368      0.098      4.670      4.774      0.915
  1106        211  pi+                 83   880   881     0     0     0     0     -0.206      0.134      0.437      0.521      0.140
  1107       -211  pi-                 84   880   881     0     0     0     0      1.228      0.788      0.513      1.553      0.140
  1108          1  (d)                -71   748   748  1110  1115   218     0     -3.318     -2.334   -257.950    257.982      0.330
  1109         -3  (sbar)             -71   893   893  1110  1115     0   218      0.597      0.471    -11.711     11.747      0.500
  1110        111  (pi0)              -83  1108  1109  1862  1863     0     0     -0.273     -0.011    -12.169     12.173      0.135
  1111        311  (K0)               -83  1108  1109  1592  1592     0     0     -0.266     -0.393    -27.063     27.072      0.498
  1112       -313  (K*bar0)           -84  1108  1109  1593  1594     0     0     -1.600     -1.258   -166.095    166.111      0.935
  1113        223  (omega)            -84  1108  1109  1864  1866     0     0     -0.467     -0.132    -36.529     36.541      0.796
  1114        311  (K0)               -84  1108  1109  1595  1595     0     0      0.098     -0.316    -15.255     15.267      0.498
  1115        221  (eta)              -84  1108  1109  1867  1868     0     0     -0.214      0.246    -12.549     12.565      0.548
  1116          3  (s)                -71   941   941  1118  1124   148     0     -1.366      1.578     -7.444      7.747      0.500
  1117         -3  (sbar)             -71   984   984  1118  1124     0   148     -0.176      0.182    -65.736     65.738      0.500
  1118       -311  (Kbar0)            -83  1116  1117  1596  1596     0     0     -0.629      0.746     -4.901      5.022      0.498
  1119       -211  pi-                 84  1116  1117     0     0     0     0     -0.352     -0.374     -4.007      4.043      0.140
  1120        111  (pi0)              -84  1116  1117  1869  1870     0     0     -0.019      0.683    -11.057     11.079      0.135
  1121        111  (pi0)              -84  1116  1117  1871  1872     0     0      0.117      0.039     -0.296      0.348      0.135
  1122        213  (rho+)             -84  1116  1117  1597  1598     0     0     -0.200      0.056    -16.657     16.678      0.803
  1123       -213  (rho-)             -84  1116  1117  1599  1600     0     0     -0.180      0.588    -12.640     12.688      0.915
  1124        321  K+                  84  1116  1117     0     0     0     0     -0.278      0.021    -23.622     23.628      0.494
  1125          1  (d)                -71   928   928  1127  1131   271     0      0.622      0.511     76.872     76.877      0.330
  1126         -3  (sbar)             -71   972   972  1127  1131     0   271      1.812     -0.249      6.177      6.461      0.500
  1127        223  (omega)            -83  1125  1126  1873  1875     0     0     -0.060      0.168     24.929     24.942      0.783
  1128        111  (pi0)              -83  1125  1126  1876  1877     0     0      0.865     -0.133     41.344     41.354      0.135
  1129        113  (rho0)             -84  1125  1126  1601  1602     0     0      0.250      0.224      3.887      3.955      0.647
  1130       -211  pi-                 84  1125  1126     0     0     0     0     -0.062      0.389      6.319      6.333      0.140
  1131        321  K+                  84  1125  1126     0     0     0     0      1.442     -0.387      6.570      6.755      0.494
  1132          3  (s)                -71   801   801  1134  1139   119     0     -0.925      2.586      7.789      8.275      0.500
  1133         -2  (ubar)             -71   743   743  1134  1139     0   119     -1.725     -4.240     25.451     25.862      0.330
  1134        333  (phi)              -83  1132  1133  1878  1879     0     0     -0.932      1.279      5.284      5.609      1.017
  1135       -323  (K*-)              -84  1132  1133  1603  1604     0     0     -0.412     -0.083      2.638      2.816      0.892
  1136        211  pi+                 84  1132  1133     0     0     0     0     -0.504      0.061      6.988      7.008      0.140
  1137        111  (pi0)              -84  1132  1133  1880  1881     0     0      0.291     -0.208      0.630      0.737      0.135
  1138       -211  pi-                 84  1132  1133     0     0     0     0     -0.409     -0.387      4.318      4.357      0.140
  1139        221  (eta)              -84  1132  1133  1882  1884     0     0     -0.685     -2.316     13.383     13.610      0.548
  1140          1  (d)                -71  1085  1085  1145  1153   179     0      1.719      3.433      4.319      5.821      0.702
  1141         21  (g)                -71   747   747  1145  1153   122   179      1.640      0.626      0.481      1.820      0.000
  1142         21  (g)                -71  1086  1086  1145  1153   261   122      2.717      0.170      7.119      7.644      0.588
  1143         21  (g)                -71   744   744  1145  1153   125   261      2.277      0.344      8.849      9.144      0.000
  1144         -2  (ubar)             -71  1083  1083  1145  1153     0   125      1.079      1.402     14.891     15.003      0.473
  1145       -211  pi-                 83  1140  1144     0     0     0     0      1.587      2.765      3.732      4.910      0.140
  1146        221  (eta)              -83  1140  1144  1885  1886     0     0      0.327      0.473      0.331      0.861      0.548
  1147        211  pi+                 83  1140  1144     0     0     0     0      0.653      0.958      0.999      1.537      0.140
  1148        111  (pi0)              -83  1140  1144  1887  1888     0     0      1.101     -0.159      1.402      1.794      0.135
  1149       -211  pi-                 83  1140  1144     0     0     0     0      0.290      0.218      0.057      0.393      0.140
  1150        211  pi+                 84  1140  1144     0     0     0     0      1.972     -0.301      7.804      8.056      0.140
  1151       -211  pi-                 84  1140  1144     0     0     0     0      1.389      0.868      4.288      4.592      0.140
  1152        221  (eta)              -84  1140  1144  1889  1890     0     0      0.541      0.241      4.746      4.815      0.548
  1153        113  (rho0)             -84  1140  1144  1605  1606     0     0      1.573      0.912     12.299     12.475      1.019
  1154          1  (d)                -71   834   834  1163  1180   177     0      0.250      1.094     -0.229      1.192      0.330
  1155         21  (g)                -71   850   850  1163  1180   170   177     -0.588      2.434     -0.614      2.578      0.000
  1156         21  (g)                -71  1056  1056  1163  1180   101   170     -1.623      0.035     -1.623      2.325      0.372
  1157         21  (g)                -71   702   702  1163  1180   331   101     -3.639     -0.538     -2.003      4.189      0.000
  1158         21  (g)                -71   691   691  1163  1180   164   331     -7.048     -1.833     -2.022      7.558      0.000
  1159         21  (g)                -71  1055  1055  1163  1180   280   164     -4.868     -1.769     -0.735      5.232      0.091
  1160         21  (g)                -71   695   695  1163  1180   103   280     -9.605     -5.492     -3.826     11.708      0.000
  1161         21  (g)                -71   721   721  1163  1180   187   103     -2.696     -2.721     -1.438      4.091      0.000
  1162         -2  (ubar)             -71   713   713  1163  1180     0   187      0.214     -0.336     -0.339      0.618      0.330
  1163        221  (eta)              -83  1154  1162  1891  1893     0     0     -0.385      2.050     -0.649      2.252      0.548
  1164        111  (pi0)              -83  1154  1162  1894  1895     0     0     -0.218      0.018      0.316      0.407      0.135
  1165       -211  pi-                 83  1154  1162     0     0     0     0     -0.323      0.143     -0.797      0.883      0.140
  1166        213  (rho+)             -83  1154  1162  1607  1608     0     0     -0.773      0.796     -0.940      1.700      0.881
  1167        111  (pi0)              -83  1154  1162  1896  1897     0     0     -1.070     -0.153     -0.441      1.176      0.135
  1168        223  (omega)            -83  1154  1162  1898  1900     0     0     -0.733      0.109     -0.194      1.096      0.783
  1169        223  (omega)            -83  1154  1162  1901  1903     0     0     -1.737     -0.423     -0.478      2.008      0.781
  1170        113  (rho0)             -83  1154  1162  1609  1610     0     0     -4.116     -0.844     -1.982      4.713      0.795
  1171       -211  pi-                 83  1154  1162     0     0     0     0     -1.785     -0.180     -0.152      1.806      0.140
  1172        321  K+                  84  1154  1162     0     0     0     0     -7.470     -3.556     -2.805      8.750      0.494
  1173       -311  (Kbar0)            -84  1154  1162  1611  1611     0     0     -1.148     -0.586     -0.785      1.589      0.498
  1174        111  (pi0)              -84  1154  1162  1904  1905     0     0     -1.979     -1.436     -0.392      2.480      0.135
  1175       -211  pi-                 84  1154  1162     0     0     0     0     -1.089     -0.245     -0.076      1.128      0.140
  1176        211  pi+                 84  1154  1162     0     0     0     0     -1.811     -1.206     -0.858      2.343      0.140
  1177       -211  pi-                 84  1154  1162     0     0     0     0     -0.780     -0.256     -0.484      0.963      0.140
  1178        221  (eta)              -84  1154  1162  1906  1908     0     0     -2.654     -1.660     -1.424      3.483      0.548
  1179        211  pi+                 84  1154  1162     0     0     0     0     -0.086      0.130     -0.056      0.217      0.140
  1180       -213  (rho-)             -84  1154  1162  1612  1613     0     0     -1.445     -1.827     -0.632      2.498      0.642
  1181          4  (c)                -71   886   886  1198  1226   215     0      0.063      0.222      0.299      1.547      1.500
  1182         21  (g)                -71   739   739  1198  1226   308   215      1.830      1.126     -1.320      2.522      0.000
  1183         21  (g)                -71  1045  1045  1198  1226   327   308      3.709      0.702     -1.918      4.235      0.082
  1184         21  (g)                -71  1050  1050  1198  1226   253   327      2.068     -0.772      0.916      2.410      0.312
  1185         21  (g)                -71   769   769  1198  1226   136   253      3.620     -1.596     -0.810      4.038      0.000
  1186         21  (g)                -71   844   844  1198  1226   255   136      0.607     -0.529     -0.539      0.969      0.000
  1187         21  (g)                -71  1049  1049  1198  1226   154   255      3.859     -0.751     -2.962      4.929      0.260
  1188         21  (g)                -71  1048  1048  1198  1226   141   154      2.412     -1.190     -4.945      5.635      0.251
  1189         21  (g)                -71  1047  1047  1198  1226   329   141      3.537      0.727     -5.358      6.464      0.204
  1190         21  (g)                -71  1053  1053  1198  1226   106   329      3.001      3.702     -6.793      8.309      0.428
  1191         21  (g)                -71  1046  1046  1198  1226   209   106      0.768      0.833     -2.349      2.612      0.159
  1192         21  (g)                -71   960   960  1198  1226   347   209      0.267      1.797     -3.771      4.186      0.000
  1193         21  (g)                -71  1052  1052  1198  1226   116   347      1.020      2.099     -2.470      3.420      0.389
  1194         21  (g)                -71   701   701  1198  1226   289   116      0.161      0.298     -0.016      0.339      0.000
  1195         21  (g)                -71  1051  1051  1198  1226   113   289      1.038      3.672      1.623      4.164      0.374
  1196         21  (g)                -71   728   728  1198  1226   194   113     -0.326      1.382      0.337      1.460      0.000
  1197         -1  (dbar)             -71   833   833  1198  1226     0   194     -0.157      0.441      1.049      1.195      0.330
  1198        423  (D*0)              -83  1181  1197  1909  1910     0     0      1.679      1.050     -1.097      3.025      2.007
  1199        211  pi+                 83  1181  1197     0     0     0     0      0.591     -0.144     -0.123      0.636      0.140
  1200       -211  pi-                 83  1181  1197     0     0     0     0     -0.204      0.011     -0.033      0.250      0.140
  1201        211  pi+                 83  1181  1197     0     0     0     0      0.274      0.096     -0.023      0.323      0.140
  1202        111  (pi0)              -83  1181  1197  1911  1912     0     0      0.019      0.091      0.006      0.164      0.135
  1203       -213  (rho-)             -83  1181  1197  1614  1615     0     0      1.508      0.202     -0.442      1.779      0.809
  1204        213  (rho+)             -83  1181  1197  1616  1617     0     0      2.083     -0.203      0.333      2.446      1.220
  1205       -211  pi-                 83  1181  1197     0     0     0     0      3.128     -0.743     -1.794      3.685      0.140
  1206        111  (pi0)              -83  1181  1197  1913  1914     0     0      0.087     -0.094     -0.065      0.197      0.135
  1207        111  (pi0)              -83  1181  1197  1915  1916     0     0      0.170      0.160     -0.324      0.421      0.135
  1208        113  (rho0)             -83  1181  1197  1618  1619     0     0      1.948     -0.440     -0.196      2.173      0.835
  1209        211  pi+                 83  1181  1197     0     0     0     0      2.512     -1.351     -2.475      3.779      0.140
  1210        223  (omega)            -83  1181  1197  1917  1918     0     0      0.863     -0.215     -0.359      1.238      0.782
  1211       -211  pi-                 83  1181  1197     0     0     0     0      0.531     -0.002     -0.553      0.779      0.140
  1212        211  pi+                 83  1181  1197     0     0     0     0      2.563     -0.264     -2.192      3.385      0.140
  1213       -211  pi-                 84  1181  1197     0     0     0     0      0.636      0.090     -1.700      1.822      0.140
  1214        213  (rho+)             -84  1181  1197  1620  1621     0     0      0.773      0.027     -1.886      2.249      0.950
  1215        311  (K0)               -84  1181  1197  1622  1622     0     0      0.589      0.311     -1.331      1.569      0.498
  1216       -311  (Kbar0)            -84  1181  1197  1623  1623     0     0      1.990      0.625     -2.870      3.582      0.498
  1217        113  (rho0)             -84  1181  1197  1624  1625     0     0      0.776      0.671     -2.862      3.115      0.678
  1218       -213  (rho-)             -84  1181  1197  1626  1627     0     0      1.360      1.006     -3.303      3.807      0.846
  1219        221  (eta)              -84  1181  1197  1919  1921     0     0      2.723      3.939     -5.003      6.947      0.548
  1220        113  (rho0)             -84  1181  1197  1628  1629     0     0     -0.386      0.662     -2.175      2.435      0.782
  1221        223  (omega)            -84  1181  1197  1922  1924     0     0      0.934      2.886     -0.320      3.150      0.784
  1222        321  K+                  84  1181  1197     0     0     0     0      0.097      0.318     -0.589      0.838      0.494
  1223       -321  K-                  84  1181  1197     0     0     0     0     -0.225      0.607      0.424      0.918      0.494
  1224        111  (pi0)              -84  1181  1197  1925  1926     0     0      0.327      0.843      0.439      1.015      0.135
  1225        211  pi+                 84  1181  1197     0     0     0     0      0.061      2.082      1.291      2.455      0.140
  1226        111  (pi0)              -84  1181  1197  1927  1928     0     0      0.070     -0.058      0.193      0.253      0.135
  1227          1  (d)                -71   808   808  1229  1237   147     0      2.125     -1.871  -1556.842   1556.845      0.330
  1228         -3  (sbar)             -71   982   982  1229  1237     0   147      0.138     -0.038      0.044      0.522      0.500
  1229        311  (K0)               -83  1227  1228  1630  1630     0     0      1.677     -0.660   -930.700    930.702      0.498
  1230       -311  (Kbar0)            -83  1227  1228  1631  1631     0     0      0.166     -1.237   -475.350    475.352      0.498
  1231        111  (pi0)              -83  1227  1228  1929  1930     0     0      0.060      0.105    -29.643     29.644      0.135
  1232        111  (pi0)              -83  1227  1228  1931  1932     0     0      0.153      0.417    -35.832     35.835      0.135
  1233       -211  pi-                 83  1227  1228     0     0     0     0     -0.185     -0.453    -14.805     14.814      0.140
  1234        213  (rho+)             -83  1227  1228  1632  1633     0     0     -0.094     -0.154    -49.541     49.546      0.636
  1235       -211  pi-                 84  1227  1228     0     0     0     0      0.306      0.680     -6.875      6.917      0.140
  1236        213  (rho+)             -84  1227  1228  1634  1635     0     0     -0.085     -0.650    -13.358     13.399      0.810
  1237        313  (K*0)              -84  1227  1228  1636  1637     0     0      0.265      0.042     -0.694      1.160      0.890
  1238          1  (d)                -71   986   986  1241  1249   372     0     -0.143      0.169     -8.210      8.219      0.330
  1239          2  (u)                -71   852   852  1241  1249   169     0      1.887      2.018   -293.074    293.087      0.330
  1240          2  (u)                -71   806   806  1241  1249   317     0     -3.566      2.959     -1.528      4.890      0.330
  1241       3222  Sigma+              86  1238  1240     0     0     0     0      0.843      1.185   -118.829    118.844      1.189
  1242      -3122  Lambdabar0          86  1238  1240     0     0     0     0      0.511      0.138    -91.508     91.517      1.116
  1243        211  pi+                 83  1238  1240     0     0     0     0     -1.912      1.494     -0.623      2.509      0.140
  1244        221  (eta)              -84  1238  1240  1933  1935     0     0     -0.415      0.649     -0.332      1.002      0.548
  1245       -213  (rho-)             -84  1238  1240  1638  1639     0     0     -0.902      0.716     -1.626      2.174      0.869
  1246        213  (rho+)             -84  1238  1240  1640  1641     0     0     -0.115     -0.044     -1.381      1.568      0.733
  1247        111  (pi0)              -84  1238  1240  1936  1937     0     0      0.529      0.941    -18.336     18.369      0.135
  1248       3112  Sigma-              88  1238  1240     0     0     0     0     -0.733     -0.232    -31.268     31.300      1.197
  1249        311  (K0)               -84  1238  1240  1642  1642     0     0      0.373      0.300    -38.908     38.914      0.498
  1250          2  (u)                -71   981   981  1252  1260   314     0      0.800     -0.138   -352.416    352.417      0.330
  1251         -1  (dbar)             -71   841   841  1252  1260     0   314     -2.437     -2.653      0.001      3.618      0.330
  1252        113  (rho0)             -83  1250  1251  1643  1644     0     0      0.899      0.049   -322.565    322.568      0.920
  1253       2212  p+                  83  1250  1251     0     0     0     0     -0.121     -0.352    -15.852     15.884      0.938
  1254      -2112  nbar0               83  1250  1251     0     0     0     0      0.112     -0.131     -4.390      4.493      0.940
  1255       -211  pi-                 83  1250  1251     0     0     0     0     -0.497      0.078     -4.082      4.115      0.140
  1256        211  pi+                 83  1250  1251     0     0     0     0      0.310      0.198     -2.475      2.506      0.140
  1257       -211  pi-                 84  1250  1251     0     0     0     0     -0.787     -0.777     -0.218      1.136      0.140
  1258        321  K+                  84  1250  1251     0     0     0     0      0.448     -0.233     -1.542      1.696      0.494
  1259       -311  (Kbar0)            -84  1250  1251  1645  1645     0     0     -0.611      0.009     -1.088      1.343      0.498
  1260        223  (omega)            -84  1250  1251  1938  1940     0     0     -1.390     -1.633     -0.204      2.295      0.790
  1261          2  (u)                -71   977   977  1263  1278   156     0      0.423      0.213    -20.760     20.768      0.330
  1262         -2  (ubar)             -71   974   974  1263  1278     0   156     -0.220      0.210     42.924     42.926      0.330
  1263        211  pi+                 83  1261  1262     0     0     0     0     -0.154     -0.375     -5.967      5.983      0.140
  1264        221  (eta)              -83  1261  1262  1941  1943     0     0      0.734      0.467    -11.802     11.846      0.548
  1265        111  (pi0)              -83  1261  1262  1944  1945     0     0     -0.788      0.500     -1.302      1.607      0.135
  1266       -211  pi-                 83  1261  1262     0     0     0     0      0.433     -0.514     -0.388      0.789      0.140
  1267        211  pi+                 83  1261  1262     0     0     0     0      0.206      0.161      0.287      0.412      0.140
  1268       -211  pi-                 83  1261  1262     0     0     0     0     -0.052     -0.490      0.484      0.704      0.140
  1269        211  pi+                 83  1261  1262     0     0     0     0      0.181      0.409     -0.130      0.486      0.140
  1270       2112  n0                  84  1261  1262     0     0     0     0     -0.206     -0.061      1.703      1.957      0.940
  1271      -2212  pbar-               84  1261  1262     0     0     0     0      0.087      0.075      1.743      1.983      0.938
  1272        211  pi+                 84  1261  1262     0     0     0     0      0.251     -0.289      1.385      1.444      0.140
  1273       -211  pi-                 84  1261  1262     0     0     0     0      0.315      0.400      1.155      1.269      0.140
  1274        211  pi+                 84  1261  1262     0     0     0     0     -0.406     -0.072      1.421      1.486      0.140
  1275        113  (rho0)             -84  1261  1262  1646  1647     0     0      0.051      0.181      4.587      4.651      0.744
  1276       -213  (rho-)             -84  1261  1262  1648  1649     0     0     -0.201     -0.577     13.741     13.776      0.761
  1277        221  (eta)              -84  1261  1262  1946  1948     0     0     -0.174      0.336      4.509      4.558      0.548
  1278        111  (pi0)              -84  1261  1262  1949  1950     0     0     -0.073      0.272     10.739     10.743      0.135
  1279          2  (u)                -71   823   823  1281  1287   195     0     -0.673      2.391    -70.125     70.170      0.330
  1280         -1  (dbar)             -71   976   976  1281  1287     0   195      0.528     -0.415     14.406     14.425      0.330
  1281        211  pi+                 83  1279  1280     0     0     0     0     -0.578      1.473    -49.679     49.704      0.140
  1282       -213  (rho-)             -83  1279  1280  1650  1651     0     0      0.301      1.273    -18.403     18.479      1.046
  1283        211  pi+                 83  1279  1280     0     0     0     0     -0.197     -0.556     -0.328      0.690      0.140
  1284       -211  pi-                 83  1279  1280     0     0     0     0     -0.284      0.368     -1.273      1.362      0.140
  1285        111  (pi0)              -84  1279  1280  1951  1952     0     0      0.023     -0.513      0.292      0.606      0.135
  1286        211  pi+                 84  1279  1280     0     0     0     0      0.200     -0.106      3.544      3.554      0.140
  1287        113  (rho0)             -84  1279  1280  1652  1653     0     0      0.390      0.038     10.128     10.201      1.148
  1288          3  (s)                -71   929   929  1290  1296   196     0      0.145      0.360     -3.054      3.119      0.500
  1289         -3  (sbar)             -71   975   975  1290  1296     0   196     -0.465     -0.217    357.500    357.500      0.500
  1290       -323  (K*-)              -83  1288  1289  1654  1655     0     0      0.340      0.095     -1.733      1.962      0.848
  1291        213  (rho+)             -83  1288  1289  1656  1657     0     0     -0.165      0.269     -0.970      1.319      0.836
  1292        113  (rho0)             -83  1288  1289  1658  1659     0     0      0.030      0.133      5.008      5.077      0.820
  1293       -211  pi-                 84  1288  1289     0     0     0     0      0.347     -0.090      1.237      1.296      0.140
  1294        211  pi+                 84  1288  1289     0     0     0     0     -0.570      0.031      4.504      4.542      0.140
  1295        313  (K*0)              -84  1288  1289  1660  1661     0     0      0.202     -0.321     21.053     21.076      0.922
  1296        331  (eta')             -84  1288  1289  1953  1955     0     0     -0.504      0.026    325.346    325.348      0.958
  1297          3  (s)                -71   901   901  1299  1312   264     0     -0.559      1.192    113.743    113.752      0.500
  1298         -2  (ubar)             -71   924   924  1299  1312     0   264     -1.799      1.645    -16.807     16.986      0.330
  1299       -321  K-                  83  1297  1298     0     0     0     0     -0.363      1.132     81.778     81.788      0.494
  1300        211  pi+                 83  1297  1298     0     0     0     0     -0.313      0.029      5.131      5.142      0.140
  1301        111  (pi0)              -83  1297  1298  1956  1957     0     0      0.474      0.208      9.366      9.382      0.135
  1302       -211  pi-                 83  1297  1298     0     0     0     0     -0.051     -0.431      2.780      2.818      0.140
  1303        321  K+                  83  1297  1298     0     0     0     0     -0.669      0.471      3.594      3.719      0.494
  1304       -311  (Kbar0)            -83  1297  1298  1662  1662     0     0      0.661     -0.348      6.987      7.044      0.498
  1305        313  (K*0)              -83  1297  1298  1663  1664     0     0     -0.850      0.434      2.175      2.533      0.880
  1306        333  (phi)              -83  1297  1298  1958  1959     0     0      0.449      0.102      0.003      1.125      1.027
  1307       -311  (Kbar0)            -83  1297  1298  1665  1665     0     0      0.038     -0.352      0.383      0.721      0.498
  1308       -213  (rho-)             -83  1297  1298  1666  1667     0     0     -0.378     -0.055      0.021      0.612      0.478
  1309        221  (eta)              -84  1297  1298  1960  1961     0     0      0.077      0.668     -1.330      1.588      0.548
  1310        211  pi+                 84  1297  1298     0     0     0     0      0.030     -0.139     -0.398      0.445      0.140
  1311       -211  pi-                 84  1297  1298     0     0     0     0     -0.954      0.066     -2.532      2.710      0.140
  1312        223  (omega)            -84  1297  1298  1962  1964     0     0     -0.508      1.052    -11.022     11.110      0.769
  1313          2  (u)                -71   915   915  1315  1328   118     0     -0.731     -0.701    243.925    243.927      0.330
  1314         -1  (dbar)             -71   937   937  1315  1328     0   118      0.688      0.374    -13.419     13.446      0.330
  1315        321  K+                  83  1313  1314     0     0     0     0     -0.164     -0.423    125.822    125.823      0.494
  1316       -311  (Kbar0)            -83  1313  1314  1668  1668     0     0     -0.084      0.005     27.324     27.329      0.498
  1317       -211  pi-                 83  1313  1314     0     0     0     0     -0.009     -0.197     32.956     32.957      0.140
  1318        211  pi+                 83  1313  1314     0     0     0     0     -0.691      0.252     32.665     32.674      0.140
  1319       -211  pi-                 83  1313  1314     0     0     0     0      0.037     -0.232      9.952      9.955      0.140
  1320        211  pi+                 83  1313  1314     0     0     0     0      0.257      0.111      4.052      4.064      0.140
  1321        311  (K0)               -83  1313  1314  1669  1669     0     0     -0.215     -0.672      3.759      3.857      0.498
  1322       -323  (K*-)              -83  1313  1314  1670  1671     0     0      0.111      0.219      2.480      2.642      0.877
  1323        111  (pi0)              -83  1313  1314  1965  1966     0     0      0.125      0.317      2.442      2.469      0.135
  1324        213  (rho+)             -84  1313  1314  1672  1673     0     0     -0.265     -0.129      0.591      1.120      0.904
  1325       -211  pi-                 84  1313  1314     0     0     0     0      0.372      0.044      0.123      0.419      0.140
  1326       2214  (Delta+)           -84  1313  1314  1674  1675     0     0     -0.324      0.318      0.255      1.973      1.903
  1327      -2214  (Deltabar-)        -84  1313  1314  1676  1677     0     0      0.716     -0.107     -6.011      6.183      1.254
  1328        211  pi+                 84  1313  1314     0     0     0     0      0.090      0.168     -5.903      5.908      0.140
  1329          2  (u)                -71  1079  1079  1354  1391   201     0     -1.699     -1.917      1.951      3.306      0.752
  1330         21  (g)                -71   759   759  1354  1391   197   201     -2.196     -2.070      4.994      5.835      0.000
  1331         21  (g)                -71   944   944  1354  1391   294   197     -1.233     -0.380      1.401      1.905      0.000
  1332         21  (g)                -71  1060  1060  1354  1391   262   294     -1.258     -0.419      2.675      2.989      0.137
  1333         21  (g)                -71  1075  1075  1354  1391   182   262     -1.798     -0.803      8.357      8.594      0.366
  1334         21  (g)                -71  1081  1081  1354  1391   202   182     -1.887     -1.347     16.133     16.308      0.534
  1335         21  (g)                -71  1067  1067  1354  1391   278   202     -4.769      1.961     10.938     12.095      0.246
  1336         21  (g)                -71  1078  1078  1354  1391   354   278     -1.008      1.215      2.774      3.228      0.486
  1337         21  (g)                -71   692   692  1354  1391   108   354     -1.735      0.689      0.557      1.948      0.000
  1338         21  (g)                -71  1071  1071  1354  1391   223   108     -0.619     -1.636      0.268      1.793      0.285
  1339         21  (g)                -71  1072  1072  1354  1391   130   223     -0.208     -2.428      2.111      3.238      0.294
  1340         21  (g)                -71  1063  1063  1354  1391   232   130     -0.523     -1.049      2.551      2.815      0.204
  1341         21  (g)                -71  1066  1066  1354  1391   293   232      0.068     -1.310      4.494      4.688      0.237
  1342         21  (g)                -71   964   964  1354  1391   351   293      0.535     -2.347      4.360      4.980      0.000
  1343         21  (g)                -71  1082  1082  1354  1391   333   351      3.417     -0.890      6.457      7.381      0.555
  1344         21  (g)                -71  1058  1058  1354  1391   279   333      0.699     -0.404      3.315      3.414      0.104
  1345         21  (g)                -71  1076  1076  1354  1391   192   279      1.053     -1.592     10.233     10.417      0.397
  1346         21  (g)                -71  1077  1077  1354  1391   335   192      0.745     -0.856     11.849     11.910      0.420
  1347         21  (g)                -71  1073  1073  1354  1391   332   335     -0.955     -2.233     32.215     32.308      0.329
  1348         21  (g)                -71   815   815  1354  1391   256   332     -0.919     -0.248     14.455     14.486      0.000
  1349         21  (g)                -71  1074  1074  1354  1391   240   256      2.573      0.677     28.662     28.787      0.350
  1350         21  (g)                -71  1070  1070  1354  1391   212   240      2.809     -0.778     63.230     63.298      0.282
  1351         21  (g)                -71  1068  1068  1354  1391   268   212      2.610      0.411     62.319     62.376      0.254
  1352         21  (g)                -71  1069  1069  1354  1391   163   268      1.694      1.109     71.459     71.488      0.270
  1353         -1  (dbar)             -71  1080  1080  1354  1391     0   163      4.404      6.788    212.075    212.231      0.885
  1354        211  pi+                 83  1329  1353     0     0     0     0     -0.803     -0.500      0.420      1.045      0.140
  1355        111  (pi0)              -83  1329  1353  1967  1968     0     0     -0.302     -0.220      0.501      0.639      0.135
  1356        223  (omega)            -83  1329  1353  1969  1971     0     0     -2.139     -1.890      3.628      4.681      0.774
  1357       -211  pi-                 83  1329  1353     0     0     0     0     -0.851     -0.989      2.835      3.124      0.140
  1358        213  (rho+)             -83  1329  1353  1678  1679     0     0     -1.524     -1.151      4.659      5.203      1.312
  1359       2112  n0                  83  1329  1353     0     0     0     0     -1.170     -0.416      3.536      3.864      0.940
  1360        211  pi+                 83  1329  1353     0     0     0     0     -0.218      0.098      0.367      0.460      0.140
  1361      -2224  (Deltabar--)       -83  1329  1353  1680  1681     0     0     -2.264     -0.525     11.525     11.834      1.344
  1362        111  (pi0)              -83  1329  1353  1972  1973     0     0     -0.426     -0.381      1.537      1.645      0.135
  1363        211  pi+                 83  1329  1353     0     0     0     0     -0.666     -0.199      1.979      2.103      0.140
  1364        223  (omega)            -83  1329  1353  1974  1976     0     0     -0.580     -0.450      5.594      5.697      0.787
  1365       -213  (rho-)             -83  1329  1353  1682  1683     0     0     -2.299      1.601      6.393      7.018      0.728
  1366        221  (eta)              -83  1329  1353  1977  1979     0     0     -1.579      0.152      3.461      3.847      0.548
  1367        211  pi+                 83  1329  1353     0     0     0     0     -2.323      1.272      2.928      3.951      0.140
  1368       -213  (rho-)             -83  1329  1353  1684  1685     0     0      0.082     -0.397      0.465      1.016      0.807
  1369        111  (pi0)              -83  1329  1353  1980  1981     0     0     -0.795     -0.228     -0.276      0.882      0.135
  1370        211  pi+                 83  1329  1353     0     0     0     0     -0.187     -0.321      0.716      0.819      0.140
  1371        221  (eta)              -83  1329  1353  1982  1984     0     0      0.115     -1.062      1.170      1.676      0.548
  1372        221  (eta)              -83  1329  1353  1985  1986     0     0     -0.500     -0.794      0.881      1.399      0.548
  1373       -211  pi-                 83  1329  1353     0     0     0     0     -0.300     -0.454      1.001      1.148      0.140
  1374        321  K+                  83  1329  1353     0     0     0     0     -0.423     -2.042      2.675      3.428      0.494
  1375       3122  Lambda0             84  1329  1353     0     0     0     0      0.747     -1.339      3.668      4.129      1.116
  1376      -3122  Lambdabar0          84  1329  1353     0     0     0     0      2.494     -1.938      8.573      9.204      1.116
  1377       -311  (Kbar0)            -84  1329  1353  1686  1686     0     0     -0.435     -0.343      2.337      2.452      0.498
  1378       2112  n0                  84  1329  1353     0     0     0     0      2.340     -1.653      9.087      9.574      0.940
  1379        221  (eta)              -84  1329  1353  1987  1989     0     0      0.059     -0.005      5.218      5.247      0.548
  1380      -2112  nbar0               84  1329  1353     0     0     0     0      0.575     -1.361      7.353      7.559      0.940
  1381       2112  n0                  84  1329  1353     0     0     0     0     -0.727     -1.117     20.039     20.105      0.940
  1382      -2212  pbar-               84  1329  1353     0     0     0     0      0.512     -0.627     17.290     17.334      0.938
  1383        211  pi+                 84  1329  1353     0     0     0     0      0.218     -0.090     11.335     11.338      0.140
  1384        113  (rho0)             -84  1329  1353  1687  1688     0     0     -0.256     -0.482      6.614      6.687      0.819
  1385        113  (rho0)             -84  1329  1353  1689  1690     0     0      3.525      0.237     59.792     59.902      0.818
  1386       -213  (rho-)             -84  1329  1353  1691  1692     0     0      1.613     -0.156     43.077     43.115      0.806
  1387        113  (rho0)             -84  1329  1353  1693  1694     0     0      1.557      0.873     60.410     60.441      0.733
  1388        211  pi+                 84  1329  1353     0     0     0     0      1.973      0.413     44.745     44.790      0.140
  1389       -211  pi-                 84  1329  1353     0     0     0     0      0.351      0.263      6.408      6.424      0.140
  1390        113  (rho0)             -84  1329  1353  1695  1696     0     0      3.927      6.277    202.800    202.937      0.803
  1391        211  pi+                 84  1329  1353     0     0     0     0      0.480      0.089     15.092     15.100      0.140
  1392          1  (d)                -71   968   968  1428  1491   131     0     -0.053     -0.693      1.862      2.015      0.330
  1393         21  (g)                -71  1042  1042  1428  1491   237   131      0.318      0.828   -292.883    292.885      0.516
  1394         21  (g)                -71   920   920  1428  1491   247   237      1.203     -0.862   -410.192    410.195      0.000
  1395         21  (g)                -71   791   791  1428  1491   284   247      1.446      0.056   -253.852    253.856      0.000
  1396         21  (g)                -71   807   807  1428  1491   145   284      0.812      0.407    -66.020     66.026      0.000
  1397         21  (g)                -71   777   777  1428  1491   318   145      0.496     -0.461    -44.244     44.249      0.000
  1398         21  (g)                -71  1041  1041  1428  1491   325   318     -0.467     -1.060   -111.418    111.425      0.468
  1399         21  (g)                -71   877   877  1428  1491   352   325     -0.609      0.226    -40.148     40.153      0.000
  1400         21  (g)                -71   874   874  1428  1491   328   352     -1.428     -0.509    -54.534     54.555      0.000
  1401         21  (g)                -71  1040  1040  1428  1491   228   328     -1.249     -2.359    -86.180     86.222      0.449
  1402         21  (g)                -71   779   779  1428  1491   135   228      0.502     -1.266    -29.502     29.533      0.000
  1403         21  (g)                -71   843   843  1428  1491   173   135      1.242     -0.913    -21.089     21.146      0.000
  1404         21  (g)                -71   856   856  1428  1491   338   173      0.441      0.072     -6.764      6.778      0.000
  1405         21  (g)                -71  1044  1044  1428  1491   123   338      2.046      0.458    -67.151     67.186      0.555
  1406         21  (g)                -71  1031  1031  1428  1491   306   123      0.988      3.043    -87.066     87.125      0.163
  1407         21  (g)                -71  1039  1039  1428  1491   245   306     -0.492      1.153    -28.202     28.232      0.389
  1408         21  (g)                -71  1032  1032  1428  1491   298   245     -0.960      1.603    -26.676     26.742      0.182
  1409         21  (g)                -71  1030  1030  1428  1491   266   298     -2.454      1.331    -33.724     33.840      0.154
  1410         21  (g)                -71   851   851  1428  1491   204   266     -1.826      0.517    -16.604     16.712      0.000
  1411         21  (g)                -71   952   952  1428  1491   322   204      0.779      1.152     -6.773      6.915      0.000
  1412         21  (g)                -71   770   770  1428  1491   336   322      0.451      1.709    -12.220     12.348      0.000
  1413         21  (g)                -71  1034  1034  1428  1491   134   336     -0.766      3.323    -17.567     17.896      0.244
  1414         21  (g)                -71   712   712  1428  1491   104   134     -0.698      0.537     -2.477      2.629      0.000
  1415         21  (g)                -71  1035  1035  1428  1491   107   104     -2.440      0.047     -9.928     10.228      0.276
  1416         21  (g)                -71   705   705  1428  1491   300   107     -6.268     -4.292    -33.931     34.771      0.000
  1417         21  (g)                -71  1033  1033  1428  1491   309   300     -1.660     -0.512    -31.649     31.697      0.189
  1418         21  (g)                -71   783   783  1428  1491   337   309     -0.916     -0.992    -11.863     11.939      0.000
  1419         21  (g)                -71  1036  1036  1428  1491   296   337      0.160     -3.252    -16.534     16.854      0.300
  1420         21  (g)                -71  1043  1043  1428  1491   168   296      0.832     -2.592    -11.938     12.257      0.554
  1421         21  (g)                -71  1037  1037  1428  1491   157   168      1.442     -0.693     -7.971      8.136      0.318
  1422         21  (g)                -71   932   932  1428  1491   274   157      0.244     -1.103     -2.560      2.798      0.000
  1423         21  (g)                -71   693   693  1428  1491   172   274      1.025     -2.756     -4.054      5.008      0.000
  1424         21  (g)                -71   698   698  1428  1491   227   172     -0.363     -0.724     -1.204      1.451      0.000
  1425         21  (g)                -71  1028  1028  1428  1491   175   227     -1.716     -2.859     -2.986      4.477      0.088
  1426         21  (g)                -71  1038  1038  1428  1491   193   175     -3.915     -4.787     -5.944      8.584      0.353
  1427         -4  (cbar)             -71   889   889  1428  1491     0   193     -1.430      0.619     -1.260      2.503      1.500
  1428       2112  n0                  83  1392  1427     0     0     0     0     -0.165     -0.776      0.219      1.249      0.940
  1429      -2212  pbar-               83  1392  1427     0     0     0     0     -0.086      0.008      0.469      1.053      0.938
  1430        113  (rho0)             -83  1392  1427  1697  1699     0     0      0.583     -0.071     -1.072      1.525      0.912
  1431        221  (eta)              -83  1392  1427  1990  1992     0     0     -0.384      0.164     -1.541      1.688      0.548
  1432        331  (eta')             -83  1392  1427  1993  1995     0     0     -0.233     -0.330     -2.725      2.916      0.957
  1433        211  pi+                 83  1392  1427     0     0     0     0      0.400      0.879    -14.142     14.176      0.140
  1434       -213  (rho-)             -83  1392  1427  1700  1701     0     0      0.393     -0.299    -28.832     28.847      0.783
  1435        211  pi+                 83  1392  1427     0     0     0     0     -0.356     -0.443     -5.555      5.585      0.140
  1436       -213  (rho-)             -83  1392  1427  1702  1703     0     0     -0.294      0.633    -43.556     43.567      0.667
  1437        111  (pi0)              -83  1392  1427  1996  1997     0     0      0.408      0.085    -74.178     74.179      0.135
  1438        223  (omega)            -83  1392  1427  1998  2000     0     0      0.400     -0.367    -98.489     98.494      0.815
  1439        323  (K*+)              -83  1392  1427  1704  1705     0     0      0.489     -0.012   -275.824    275.826      0.850
  1440       -311  (Kbar0)            -83  1392  1427  1706  1706     0     0      1.180      0.502   -163.398    163.404      0.498
  1441        113  (rho0)             -83  1392  1427  1707  1708     0     0      0.123     -0.819   -163.521    163.525      0.845
  1442       -211  pi-                 83  1392  1427     0     0     0     0      0.931     -0.371   -136.979    136.982      0.140
  1443        111  (pi0)              -83  1392  1427  2001  2002     0     0      0.019     -0.294    -81.517     81.518      0.135
  1444        111  (pi0)              -83  1392  1427  2003  2004     0     0     -0.007      0.725    -46.063     46.069      0.135
  1445        223  (omega)            -83  1392  1427  2005  2007     0     0     -0.867     -1.060    -51.026     51.050      0.782
  1446       2212  p+                  83  1392  1427     0     0     0     0     -0.098     -1.443    -65.084     65.107      0.938
  1447      -2212  pbar-               83  1392  1427     0     0     0     0     -0.400     -0.492    -54.235     54.247      0.938
  1448        211  pi+                 83  1392  1427     0     0     0     0     -0.515     -0.275    -25.472     25.479      0.140
  1449       -211  pi-                 83  1392  1427     0     0     0     0     -0.127     -0.466     -6.078      6.099      0.140
  1450        111  (pi0)              -83  1392  1427  2008  2009     0     0     -0.287     -0.264    -21.351     21.355      0.135
  1451       2224  (Delta++)          -83  1392  1427  1709  1710     0     0      1.165     -0.695    -42.632     42.673      1.280
  1452       -211  pi-                 83  1392  1427     0     0     0     0     -0.096      0.194     -7.266      7.270      0.140
  1453      -2114  (Deltabar0)        -83  1392  1427  1711  1712     0     0      1.310     -1.062    -48.771     48.815      1.218
  1454       -213  (rho-)             -83  1392  1427  1713  1714     0     0      1.399      2.406    -65.020     65.084      0.742
  1455        213  (rho+)             -83  1392  1427  1715  1716     0     0      0.005      0.453    -14.051     14.082      0.809
  1456        111  (pi0)              -83  1392  1427  2010  2011     0     0     -0.096      0.981    -41.341     41.353      0.135
  1457       -213  (rho-)             -83  1392  1427  1717  1718     0     0     -0.470      1.596    -28.682     28.751      1.091
  1458        223  (omega)            -83  1392  1427  2012  2014     0     0     -0.920      0.286    -17.422     17.466      0.783
  1459        213  (rho+)             -83  1392  1427  1719  1720     0     0     -0.540      0.790    -16.334     16.370      0.540
  1460       -211  pi-                 83  1392  1427     0     0     0     0     -0.527      0.749     -9.648      9.692      0.140
  1461        111  (pi0)              -83  1392  1427  2015  2016     0     0     -1.079      0.473    -16.599     16.641      0.135
  1462        211  pi+                 83  1392  1427     0     0     0     0     -0.940      0.670     -6.135      6.244      0.140
  1463        311  (K0)               -84  1392  1427  1721  1721     0     0      0.266      1.411     -7.344      7.499      0.498
  1464       -323  (K*-)              -84  1392  1427  1722  1723     0     0     -0.223      1.397    -11.258     11.378      0.846
  1465        213  (rho+)             -84  1392  1427  1724  1725     0     0      0.563      1.329     -8.811      8.968      0.851
  1466       -211  pi-                 84  1392  1427     0     0     0     0     -0.676     -0.056     -3.399      3.469      0.140
  1467        211  pi+                 84  1392  1427     0     0     0     0     -1.212      0.435     -5.406      5.559      0.140
  1468       -213  (rho-)             -84  1392  1427  1726  1727     0     0     -0.281      0.776     -7.935      8.032      0.928
  1469        213  (rho+)             -84  1392  1427  1728  1729     0     0     -0.977     -0.118     -5.108      5.280      0.906
  1470        111  (pi0)              -84  1392  1427  2017  2018     0     0     -0.845     -0.858     -4.212      4.383      0.135
  1471        311  (K0)               -84  1392  1427  1730  1730     0     0     -1.080     -0.097     -7.077      7.177      0.498
  1472        333  (phi)              -84  1392  1427  2019  2020     0     0     -1.747     -0.355     -7.994      8.253      1.019
  1473       -313  (K*bar0)           -84  1392  1427  1731  1732     0     0     -1.737     -0.880    -14.462     14.626      0.987
  1474        111  (pi0)              -84  1392  1427  2021  2022     0     0     -0.454      0.237     -3.663      3.701      0.135
  1475       2214  (Delta+)           -84  1392  1427  1733  1734     0     0     -1.663     -2.005    -16.656     16.907      1.274
  1476      -2212  pbar-               84  1392  1427     0     0     0     0     -0.868     -1.228    -12.393     12.519      0.938
  1477        111  (pi0)              -84  1392  1427  2023  2024     0     0      0.013     -0.240     -8.953      8.957      0.135
  1478        223  (omega)            -84  1392  1427  2025  2027     0     0     -0.683     -1.388    -10.671     10.811      0.777
  1479       -213  (rho-)             -84  1392  1427  1735  1736     0     0      0.704     -0.464     -6.516      6.617      0.780
  1480        213  (rho+)             -84  1392  1427  1737  1738     0     0      0.667     -1.925     -9.737      9.976      0.748
  1481        113  (rho0)             -84  1392  1427  1739  1740     0     0     -0.007     -1.767     -7.877      8.106      0.735
  1482        223  (omega)            -84  1392  1427  2028  2030     0     0      0.489     -1.118     -4.435      4.669      0.800
  1483        221  (eta)              -84  1392  1427  2031  2032     0     0      0.724     -0.946     -1.825      2.247      0.548
  1484       -211  pi-                 84  1392  1427     0     0     0     0      0.069     -0.565     -1.068      1.218      0.140
  1485        213  (rho+)             -84  1392  1427  1741  1742     0     0      0.086     -0.885     -1.694      2.074      0.801
  1486       -211  pi-                 84  1392  1427     0     0     0     0      0.006      0.021     -0.340      0.368      0.140
  1487        211  pi+                 84  1392  1427     0     0     0     0     -0.698     -2.384     -3.090      3.967      0.140
  1488       -213  (rho-)             -84  1392  1427  1743  1744     0     0     -1.237     -1.576     -2.986      3.683      0.795
  1489        211  pi+                 84  1392  1427     0     0     0     0     -0.169     -0.516     -0.206      0.597      0.140
  1490       -213  (rho-)             -84  1392  1427  1745  1746     0     0     -2.886     -4.001     -3.770      6.288      0.992
  1491       -423  (D*bar0)           -84  1392  1427  2033  2034     0     0     -1.739      0.111     -2.512      3.657      2.007
  1492          1  (d)                -71   800   800  1494  1506   273     0      0.720     -1.931     91.942     91.966      0.330
  1493         -1  (dbar)             -71   933   933  1494  1506     0   273     -0.042      0.059   -158.757    158.757      0.330
  1494       -211  pi-                 83  1492  1493     0     0     0     0      1.317     -1.296     67.583     67.608      0.140
  1495        321  K+                  83  1492  1493     0     0     0     0     -0.399     -0.254     15.252     15.267      0.494
  1496       -321  K-                  83  1492  1493     0     0     0     0     -0.379     -0.301      7.849      7.880      0.494
  1497        211  pi+                 83  1492  1493     0     0     0     0      0.220     -0.234      0.910      0.975      0.140
  1498       -211  pi-                 83  1492  1493     0     0     0     0      0.056      0.180     -0.572      0.618      0.140
  1499        113  (rho0)             -83  1492  1493  1747  1748     0     0     -0.290      0.313     -1.167      1.414      0.675
  1500        211  pi+                 84  1492  1493     0     0     0     0      0.828     -0.704     -3.427      3.598      0.140
  1501        313  (K*0)              -84  1492  1493  1749  1750     0     0     -0.413      0.223     -7.798      7.868      0.938
  1502       -313  (K*bar0)           -84  1492  1493  1751  1752     0     0     -0.068     -0.098    -16.797     16.822      0.908
  1503       -211  pi-                 84  1492  1493     0     0     0     0     -0.254      0.060     -8.544      8.549      0.140
  1504        111  (pi0)              -84  1492  1493  2035  2036     0     0      0.142      0.534    -10.942     10.957      0.135
  1505        321  K+                  84  1492  1493     0     0     0     0      0.086     -0.273    -76.953     76.955      0.494
  1506       -311  (Kbar0)            -84  1492  1493  1753  1753     0     0     -0.167     -0.021    -32.209     32.213      0.498
  1507         21  (g)                -71   766   766  1530  1581   339   166     -0.141     -0.849    486.532    486.533      0.000
  1508         21  (g)                -71   761   761  1530  1581   166   302      0.487      0.220    158.252    158.252      0.000
  1509         21  (g)                -71  1027  1027  1530  1581   302   319      2.217      1.264    280.414    280.426      0.382
  1510         21  (g)                -71   775   775  1530  1581   319   150     -0.064      1.120    185.096    185.099      0.000
  1511         21  (g)                -71   813   813  1530  1581   150   178     -0.564      1.130    403.976    403.978      0.000
  1512         21  (g)                -71  1025  1025  1530  1581   178   260     -1.383      0.921    483.710    483.713      0.331
  1513         21  (g)                -71   752   752  1530  1581   260   291     -3.035     -1.399    778.523    778.530      0.000
  1514         21  (g)                -71  1023  1023  1530  1581   291   219      0.076     -1.634    168.839    168.847      0.176
  1515         21  (g)                -71   892   892  1530  1581   219   188      0.717     -1.615    156.494    156.503      0.000
  1516         21  (g)                -71   828   828  1530  1581   188   222     -0.367     -0.477     29.339     29.346      0.000
  1517         21  (g)                -71   897   897  1530  1581   222   114     -2.937     -0.959    122.923    122.962      0.000
  1518         21  (g)                -71   733   733  1530  1581   114   153     -2.588     -0.592    247.719    247.733      0.000
  1519         21  (g)                -71   822   822  1530  1581   153   231     -4.561      0.666    305.400    305.435      0.000
  1520         21  (g)                -71   861   861  1530  1581   231   180     -0.697      0.180     88.520     88.523      0.000
  1521         21  (g)                -71  1026  1026  1530  1581   180   326     -1.899      1.644    294.114    294.125      0.379
  1522         21  (g)                -71  1022  1022  1530  1581   326   120      0.105      1.196     92.753     92.761      0.169
  1523         21  (g)                -71   742   742  1530  1581   120   299     -0.575      2.151     76.075     76.108      0.000
  1524         21  (g)                -71   819   819  1530  1581   299   137     -1.903      1.000     15.979     16.123      0.000
  1525         21  (g)                -71  1024  1024  1530  1581   137   257     -1.926      3.376     40.797     40.982      0.204
  1526         21  (g)                -71   812   812  1530  1581   257   124      0.010      0.506      7.573      7.590      0.000
  1527          2  (u)                -71   750   750  1530  1581   124     0      1.401      1.454     35.211     35.271      0.330
  1528          2  (u)                -71   983   983  1530  1581   244     0     -0.073     -0.121    -13.954     13.958      0.330
  1529          3  (s)                -71   907   907  1530  1581   234     0      0.575     -0.525      0.093      0.930      0.500
  1530        211  pi+                 86  1507  1529     0     0     0     0     -0.248     -0.137     -2.062      2.087      0.140
  1531       -211  pi-                 86  1507  1529     0     0     0     0      0.289      0.300     -1.946      1.995      0.140
  1532        211  pi+                 86  1507  1529     0     0     0     0      0.386     -0.196     -0.918      1.024      0.140
  1533       2214  (Delta+)           -86  1507  1529  1754  1755     0     0     -0.220      0.321     -4.400      4.583      1.219
  1534        111  (pi0)              -86  1507  1529  2037  2038     0     0      0.162     -0.520      0.052      0.564      0.135
  1535      -2224  (Deltabar--)       -86  1507  1529  1756  1757     0     0      0.088     -0.207     -2.826      3.042      1.102
  1536        221  (eta)              -86  1507  1529  2039  2041     0     0     -0.365     -0.383     -0.235      0.797      0.548
  1537        321  K+                  83  1507  1529     0     0     0     0      0.768      1.331     18.965     19.034      0.494
  1538       -311  (Kbar0)            -83  1507  1529  1758  1758     0     0      0.140      0.779     19.935     19.957      0.498
  1539        223  (omega)            -83  1507  1529  2042  2043     0     0     -0.545      1.063     15.442     15.508      0.781
  1540        313  (K*0)              -83  1507  1529  1759  1760     0     0     -0.616      0.931     13.426     13.503      0.916
  1541       -323  (K*-)              -83  1507  1529  1761  1762     0     0     -1.343      1.800     31.667     31.758      0.852
  1542       3222  Sigma+              83  1507  1529     0     0     0     0     -0.430      1.496     26.820     26.892      1.189
  1543      -3222  Sigmabar-           83  1507  1529     0     0     0     0     -0.666      0.373     53.729     53.748      1.189
  1544        213  (rho+)             -83  1507  1529  1763  1764     0     0     -0.340      0.586     73.183     73.191      0.896
  1545        221  (eta)              -83  1507  1529  2044  2045     0     0      0.007      0.106     25.544     25.550      0.548
  1546        311  (K0)               -83  1507  1529  1765  1765     0     0     -0.793      1.374     83.941     83.957      0.498
  1547       -311  (Kbar0)            -83  1507  1529  1766  1766     0     0     -0.501      0.300     56.763     56.768      0.498
  1548        221  (eta)              -83  1507  1529  2046  2048     0     0     -0.212      0.738     81.169     81.174      0.548
  1549        311  (K0)               -83  1507  1529  1767  1767     0     0     -2.515      0.407    233.485    233.500      0.498
  1550       -321  K-                  83  1507  1529     0     0     0     0     -1.172     -0.026     83.465     83.475      0.494
  1551        113  (rho0)             -83  1507  1529  1768  1769     0     0     -1.474      0.006    127.480    127.491      0.758
  1552        111  (pi0)              -83  1507  1529  2049  2050     0     0     -0.143     -0.116     15.507     15.508      0.135
  1553        211  pi+                 83  1507  1529     0     0     0     0     -0.259      0.267     20.149     20.153      0.140
  1554       2112  n0                  83  1507  1529     0     0     0     0     -3.323     -0.355    254.486    254.510      0.940
  1555      -2112  nbar0               84  1507  1529     0     0     0     0     -1.182     -0.935     81.999     82.018      0.940
  1556        113  (rho0)             -84  1507  1529  1770  1771     0     0      0.060     -0.515     36.588     36.600      0.746
  1557       -211  pi-                 84  1507  1529     0     0     0     0     -0.209     -0.184     89.605     89.606      0.140
  1558        211  pi+                 84  1507  1529     0     0     0     0     -0.608     -0.607     64.194     64.200      0.140
  1559       -211  pi-                 84  1507  1529     0     0     0     0     -0.111      0.223     16.581     16.584      0.140
  1560       2212  p+                  84  1507  1529     0     0     0     0     -0.682     -1.531    218.794    218.802      0.938
  1561      -2112  nbar0               84  1507  1529     0     0     0     0     -0.405     -0.157    233.700    233.702      0.940
  1562        223  (omega)            -84  1507  1529  2051  2053     0     0     -0.561     -0.858    217.696    217.700      0.780
  1563        221  (eta)              -84  1507  1529  2054  2056     0     0     -0.287      0.535    174.928    174.930      0.548
  1564       -211  pi-                 84  1507  1529     0     0     0     0     -0.263     -0.312    134.962    134.963      0.140
  1565        323  (K*+)              -84  1507  1529  1772  1773     0     0     -0.873      0.403    297.460    297.463      0.930
  1566       -311  (Kbar0)            -84  1507  1529  1774  1774     0     0      0.196      0.171     82.270     82.272      0.498
  1567        311  (K0)               -84  1507  1529  1775  1775     0     0     -1.670      0.146    386.011    386.015      0.498
  1568       -313  (K*bar0)           -84  1507  1529  1776  1777     0     0      0.717      0.905    283.800    283.804      0.917
  1569       2112  n0                  84  1507  1529     0     0     0     0      0.766      0.891    247.376    247.381      0.940
  1570      -2112  nbar0               84  1507  1529     0     0     0     0      0.156      0.311    126.299    126.303      0.940
  1571       -213  (rho-)             -84  1507  1529  1778  1779     0     0      0.466      0.376    211.654    211.656      0.757
  1572        211  pi+                 84  1507  1529     0     0     0     0      0.897     -0.597    227.333    227.335      0.140
  1573       -211  pi-                 84  1507  1529     0     0     0     0     -0.622      0.102     54.330     54.334      0.140
  1574        321  K+                  84  1507  1529     0     0     0     0      0.618     -0.095     19.419     19.436      0.494
  1575       -323  (K*-)              -84  1507  1529  1780  1781     0     0     -0.432      0.113     10.426     10.473      0.887
  1576        211  pi+                 84  1507  1529     0     0     0     0     -0.010      0.236      2.572      2.586      0.140
  1577       -211  pi-                 84  1507  1529     0     0     0     0     -0.277     -0.163      0.372      0.511      0.140
  1578        111  (pi0)              -84  1507  1529  2057  2058     0     0     -0.167     -0.209      1.444      1.475      0.135
  1579        321  K+                  84  1507  1529     0     0     0     0      0.591      0.156      0.320      0.848      0.494
  1580       3122  Lambda0             88  1507  1529     0     0     0     0     -0.184     -0.200      1.555      1.933      1.116
  1581       -313  (K*bar0)           -84  1507  1529  1782  1783     0     0      0.275      0.212     -0.130      1.031      0.962
  1582        311  (K0)               -91  1090     0  1784  1784     0     0      0.330     -0.079    -41.190     41.194      0.498
  1583        211  pi+                 91  1090     0     0     0     0     0      0.102     -0.064     -2.449      2.456      0.140
  1584        311  (K0)               -91  1093     0  1785  1785     0     0      0.409      0.135    -12.566     12.583      0.498
  1585        111  (pi0)              -91  1093     0  2059  2060     0     0      0.539      0.539    -13.032     13.055      0.135
  1586        211  pi+                 91  1098     0     0     0     0     0      0.038     -0.209     -5.944      5.950      0.140
  1587        111  (pi0)              -91  1098     0  2061  2062     0     0     -0.589     -0.139     -4.999      5.038      0.135
  1588        211  pi+                 91  1102     0     0     0     0     0     -1.136     -0.033   -333.719    333.721      0.140
  1589        111  (pi0)              -91  1102     0  2063  2064     0     0     -0.135     -0.321    -46.228     46.230      0.135
  1590       -311  (Kbar0)            -91  1105     0  1786  1786     0     0     -0.454     -0.045      4.226      4.280      0.498
  1591       -211  pi-                 91  1105     0     0     0     0     0      0.086      0.142      0.444      0.494      0.140
  1592        130  K_L0                91  1111  1111     0     0     0     0     -0.266     -0.393    -27.063     27.072      0.498
  1593       -311  (Kbar0)            -91  1112     0  1787  1787     0     0     -0.421     -0.526    -55.638     55.645      0.498
  1594        111  (pi0)              -91  1112     0  2065  2066     0     0     -1.178     -0.732   -110.457    110.466      0.135
  1595        310  K_S0                91  1114  1114     0     0     0     0      0.098     -0.316    -15.255     15.267      0.498
  1596        130  K_L0                91  1118  1118     0     0     0     0     -0.629      0.746     -4.901      5.022      0.498
  1597        211  pi+                 91  1122     0     0     0     0     0      0.134     -0.217    -10.518     10.522      0.140
  1598        111  (pi0)              -91  1122     0  2067  2068     0     0     -0.334      0.273     -6.139      6.155      0.135
  1599       -211  pi-                 91  1123     0     0     0     0     0     -0.509      0.484     -9.312      9.340      0.140
  1600        111  (pi0)              -91  1123     0  2069  2070     0     0      0.328      0.104     -3.328      3.348      0.135
  1601        211  pi+                 91  1129     0     0     0     0     0      0.195     -0.072      2.950      2.961      0.140
  1602       -211  pi-                 91  1129     0     0     0     0     0      0.056      0.296      0.937      0.994      0.140
  1603       -311  (Kbar0)            -91  1135     0  1788  1788     0     0     -0.272     -0.338      1.870      1.983      0.498
  1604       -211  pi-                 91  1135     0     0     0     0     0     -0.140      0.255      0.768      0.833      0.140
  1605        211  pi+                 91  1153     0     0     0     0     0      0.215      0.238      0.773      0.848      0.140
  1606       -211  pi-                 91  1153     0     0     0     0     0      1.358      0.675     11.526     11.626      0.140
  1607        211  pi+                 91  1166     0     0     0     0     0     -0.741      0.308     -0.267      0.857      0.140
  1608        111  (pi0)              -91  1166     0  2071  2072     0     0     -0.032      0.489     -0.673      0.843      0.135
  1609        211  pi+                 91  1170     0     0     0     0     0     -1.937     -0.020     -0.927      2.152      0.140
  1610       -211  pi-                 91  1170     0     0     0     0     0     -2.179     -0.824     -1.055      2.561      0.140
  1611        310  K_S0                91  1173  1173     0     0     0     0     -1.148     -0.586     -0.785      1.589      0.498
  1612       -211  pi-                 91  1180     0     0     0     0     0     -0.793     -0.647     -0.085      1.036      0.140
  1613        111  (pi0)              -91  1180     0  2073  2074     0     0     -0.652     -1.180     -0.547      1.461      0.135
  1614       -211  pi-                 91  1203     0     0     0     0     0      0.752      0.444     -0.056      0.886      0.140
  1615        111  (pi0)              -91  1203     0  2075  2076     0     0      0.756     -0.242     -0.386      0.893      0.135
  1616        211  pi+                 91  1204     0     0     0     0     0      0.338      0.308     -0.239      0.534      0.140
  1617        111  (pi0)              -91  1204     0  2077  2078     0     0      1.746     -0.511      0.572      1.912      0.135
  1618        211  pi+                 91  1208     0     0     0     0     0      1.562     -0.547     -0.392      1.706      0.140
  1619       -211  pi-                 91  1208     0     0     0     0     0      0.386      0.107      0.196      0.467      0.140
  1620        211  pi+                 91  1214     0     0     0     0     0      0.386     -0.081     -1.756      1.805      0.140
  1621        111  (pi0)              -91  1214     0  2079  2080     0     0      0.387      0.109     -0.130      0.444      0.135
  1622        310  K_S0                91  1215  1215     0     0     0     0      0.589      0.311     -1.331      1.569      0.498
  1623        310  K_S0                91  1216  1216     0     0     0     0      1.990      0.625     -2.870      3.582      0.498
  1624        211  pi+                 91  1217     0     0     0     0     0      0.283      0.642     -1.747      1.887      0.140
  1625       -211  pi-                 91  1217     0     0     0     0     0      0.493      0.029     -1.115      1.227      0.140
  1626       -211  pi-                 91  1218     0     0     0     0     0      1.169      0.844     -3.183      3.497      0.140
  1627        111  (pi0)              -91  1218     0  2081  2082     0     0      0.191      0.163     -0.120      0.309      0.135
  1628        211  pi+                 91  1220     0     0     0     0     0     -0.487      0.138     -0.837      0.988      0.140
  1629       -211  pi-                 91  1220     0     0     0     0     0      0.101      0.524     -1.337      1.446      0.140
  1630        310  K_S0                91  1229  1229     0     0     0     0      1.677     -0.660   -930.700    930.702      0.498
  1631        130  K_L0                91  1230  1230     0     0     0     0      0.166     -1.237   -475.350    475.352      0.498
  1632        211  pi+                 91  1234     0     0     0     0     0      0.119     -0.059     -5.179      5.182      0.140
  1633        111  (pi0)              -91  1234     0  2083  2084     0     0     -0.213     -0.094    -44.362     44.363      0.135
  1634        211  pi+                 91  1236     0     0     0     0     0     -0.119     -0.312     -1.869      1.904      0.140
  1635        111  (pi0)              -91  1236     0  2085  2086     0     0      0.034     -0.338    -11.489     11.494      0.135
  1636        311  (K0)               -91  1237     0  1789  1789     0     0      0.053      0.278     -0.524      0.776      0.498
  1637        111  (pi0)              -91  1237     0  2087  2088     0     0      0.212     -0.236     -0.170      0.384      0.135
  1638       -211  pi-                 91  1245     0     0     0     0     0     -1.010      0.539     -1.512      1.902      0.140
  1639        111  (pi0)              -91  1245     0  2089  2090     0     0      0.108      0.177     -0.113      0.272      0.135
  1640        211  pi+                 91  1246     0     0     0     0     0      0.145      0.141     -1.084      1.111      0.140
  1641        111  (pi0)              -91  1246     0  2091  2092     0     0     -0.261     -0.185     -0.297      0.457      0.135
  1642        130  K_L0                91  1249  1249     0     0     0     0      0.373      0.300    -38.908     38.914      0.498
  1643        211  pi+                 91  1252     0     0     0     0     0      0.625     -0.363   -150.388    150.390      0.140
  1644       -211  pi-                 91  1252     0     0     0     0     0      0.274      0.412   -172.177    172.178      0.140
  1645        310  K_S0                91  1259  1259     0     0     0     0     -0.611      0.009     -1.088      1.343      0.498
  1646        211  pi+                 91  1275     0     0     0     0     0     -0.000      0.386      3.839      3.861      0.140
  1647       -211  pi-                 91  1275     0     0     0     0     0      0.051     -0.206      0.748      0.790      0.140
  1648       -211  pi-                 91  1276     0     0     0     0     0     -0.270     -0.250     11.418     11.425      0.140
  1649        111  (pi0)              -91  1276     0  2093  2094     0     0      0.069     -0.327      2.323      2.351      0.135
  1650       -211  pi-                 91  1282     0     0     0     0     0      0.444      0.865    -16.212     16.241      0.140
  1651        111  (pi0)              -91  1282     0  2095  2096     0     0     -0.143      0.408     -2.192      2.238      0.135
  1652        211  pi+                 91  1287     0     0     0     0     0      0.177      0.160      9.581      9.585      0.140
  1653       -211  pi-                 91  1287     0     0     0     0     0      0.213     -0.122      0.547      0.616      0.140
  1654       -321  K-                  91  1290     0     0     0     0     0      0.466      0.117     -1.568      1.713      0.494
  1655        111  (pi0)              -91  1290     0  2097  2098     0     0     -0.126     -0.022     -0.165      0.249      0.135
  1656        211  pi+                 91  1291     0     0     0     0     0      0.269      0.274     -0.290      0.501      0.140
  1657        111  (pi0)              -91  1291     0  2099  2100     0     0     -0.434     -0.005     -0.680      0.818      0.135
  1658        211  pi+                 91  1292     0     0     0     0     0     -0.111      0.409      1.983      2.032      0.140
  1659       -211  pi-                 91  1292     0     0     0     0     0      0.140     -0.276      3.026      3.045      0.140
  1660        321  K+                  91  1295     0     0     0     0     0      0.174      0.070     14.986     14.996      0.494
  1661       -211  pi-                 91  1295     0     0     0     0     0      0.028     -0.391      6.066      6.081      0.140
  1662        130  K_L0                91  1304  1304     0     0     0     0      0.661     -0.348      6.987      7.044      0.498
  1663        321  K+                  91  1305     0     0     0     0     0     -0.899      0.269      1.628      1.943      0.494
  1664       -211  pi-                 91  1305     0     0     0     0     0      0.049      0.164      0.546      0.590      0.140
  1665        130  K_L0                91  1307  1307     0     0     0     0      0.038     -0.352      0.383      0.721      0.498
  1666       -211  pi-                 91  1308     0     0     0     0     0     -0.418      0.036      0.035      0.444      0.140
  1667        111  (pi0)              -91  1308     0  2101  2102     0     0      0.040     -0.091     -0.014      0.168      0.135
  1668        130  K_L0                91  1316  1316     0     0     0     0     -0.084      0.005     27.324     27.329      0.498
  1669        310  K_S0                91  1321  1321     0     0     0     0     -0.215     -0.672      3.759      3.857      0.498
  1670       -311  (Kbar0)            -91  1322     0  1790  1790     0     0     -0.055      0.206      2.290      2.353      0.498
  1671       -211  pi-                 91  1322     0     0     0     0     0      0.166      0.012      0.190      0.289      0.140
  1672        211  pi+                 91  1324     0     0     0     0     0      0.016      0.184     -0.136      0.269      0.140
  1673        111  (pi0)              -91  1324     0  2103  2104     0     0     -0.281     -0.313      0.728      0.851      0.135
  1674       2212  p+                  91  1326     0     0     0     0     0      0.414     -0.099     -0.118      1.037      0.938
  1675        111  (pi0)              -91  1326     0  2105  2106     0     0     -0.738      0.417      0.373      0.936      0.135
  1676      -2112  nbar0               91  1327     0     0     0     0     0      0.519     -0.054     -5.611      5.713      0.940
  1677       -211  pi-                 91  1327     0     0     0     0     0      0.196     -0.052     -0.400      0.470      0.140
  1678        211  pi+                 91  1358     0     0     0     0     0     -1.312     -1.345      4.424      4.809      0.140
  1679        111  (pi0)              -91  1358     0  2107  2108     0     0     -0.213      0.193      0.234      0.395      0.135
  1680      -2212  pbar-               91  1361     0     0     0     0     0     -1.442     -0.530      6.734      6.971      0.938
  1681       -211  pi-                 91  1361     0     0     0     0     0     -0.821      0.006      4.791      4.863      0.140
  1682       -211  pi-                 91  1365     0     0     0     0     0     -1.615      0.836      3.527      3.970      0.140
  1683        111  (pi0)              -91  1365     0  2109  2110     0     0     -0.685      0.765      2.867      3.048      0.135
  1684       -211  pi-                 91  1368     0     0     0     0     0      0.331     -0.064     -0.016      0.366      0.140
  1685        111  (pi0)              -91  1368     0  2111  2113     0     0     -0.249     -0.333      0.481      0.651      0.135
  1686        310  K_S0                91  1377  1377     0     0     0     0     -0.435     -0.343      2.337      2.452      0.498
  1687        211  pi+                 91  1384     0     0     0     0     0      0.017     -0.532      5.582      5.609      0.140
  1688       -211  pi-                 91  1384     0     0     0     0     0     -0.273      0.050      1.032      1.078      0.140
  1689        211  pi+                 91  1385     0     0     0     0     0      0.923     -0.104     11.430     11.469      0.140
  1690       -211  pi-                 91  1385     0     0     0     0     0      2.603      0.341     48.362     48.433      0.140
  1691       -211  pi-                 91  1386     0     0     0     0     0      0.246     -0.308      8.234      8.245      0.140
  1692        111  (pi0)              -91  1386     0  2114  2115     0     0      1.367      0.152     34.842     34.870      0.135
  1693        211  pi+                 91  1387     0     0     0     0     0      1.380      0.567     41.598     41.625      0.140
  1694       -211  pi-                 91  1387     0     0     0     0     0      0.177      0.306     18.812     18.816      0.140
  1695        211  pi+                 91  1390     0     0     0     0     0      2.572      3.605    113.975    114.061      0.140
  1696       -211  pi-                 91  1390     0     0     0     0     0      1.355      2.671     88.825     88.876      0.140
  1697        211  pi+                 91  1430     0     0     0     0     0      0.230     -0.084     -0.671      0.728      0.140
  1698       -211  pi-                 91  1430     0     0     0     0     0      0.383     -0.166     -0.358      0.568      0.140
  1699        111  (pi0)              -91  1430     0  2116  2117     0     0     -0.030      0.178     -0.043      0.230      0.135
  1700       -211  pi-                 91  1434     0     0     0     0     0      0.217     -0.516    -22.310     22.317      0.140
  1701        111  (pi0)              -91  1434     0  2118  2119     0     0      0.176      0.217     -6.522      6.529      0.135
  1702       -211  pi-                 91  1436     0     0     0     0     0      0.007      0.058    -21.961     21.961      0.140
  1703        111  (pi0)              -91  1436     0  2120  2121     0     0     -0.301      0.575    -21.595     21.605      0.135
  1704        321  K+                  91  1439     0     0     0     0     0      0.154     -0.205   -182.345    182.345      0.494
  1705        111  (pi0)              -91  1439     0  2122  2123     0     0      0.334      0.193    -93.479     93.480      0.135
  1706        310  K_S0                91  1440  1440     0     0     0     0      1.180      0.502   -163.398    163.404      0.498
  1707        211  pi+                 91  1441     0     0     0     0     0      0.216     -0.936   -141.918    141.921      0.140
  1708       -211  pi-                 91  1441     0     0     0     0     0     -0.092      0.117    -21.603     21.604      0.140
  1709       2212  p+                  91  1451     0     0     0     0     0      0.863     -0.691    -28.496     28.533      0.938
  1710        211  pi+                 91  1451     0     0     0     0     0      0.301     -0.004    -14.136     14.140      0.140
  1711      -2112  nbar0               91  1453     0     0     0     0     0      1.121     -0.728    -34.680     34.719      0.940
  1712        111  (pi0)              -91  1453     0  2124  2125     0     0      0.189     -0.334    -14.091     14.096      0.135
  1713       -211  pi-                 91  1454     0     0     0     0     0      0.625      1.728    -41.371     41.412      0.140
  1714        111  (pi0)              -91  1454     0  2126  2127     0     0      0.773      0.678    -23.649     23.672      0.135
  1715        211  pi+                 91  1455     0     0     0     0     0     -0.177      0.245     -2.069      2.096      0.140
  1716        111  (pi0)              -91  1455     0  2128  2129     0     0      0.183      0.209    -11.982     11.986      0.135
  1717       -211  pi-                 91  1457     0     0     0     0     0     -0.146      0.846    -22.090     22.107      0.140
  1718        111  (pi0)              -91  1457     0  2130  2131     0     0     -0.324      0.750     -6.592      6.643      0.135
  1719        211  pi+                 91  1459     0     0     0     0     0      0.011      0.354     -5.208      5.222      0.140
  1720        111  (pi0)              -91  1459     0  2132  2133     0     0     -0.552      0.436    -11.125     11.148      0.135
  1721        310  K_S0                91  1463  1463     0     0     0     0      0.266      1.411     -7.344      7.499      0.498
  1722       -321  K-                  91  1464     0     0     0     0     0     -0.361      1.216     -8.612      8.719      0.494
  1723        111  (pi0)              -91  1464     0  2134  2135     0     0      0.138      0.181     -2.646      2.659      0.135
  1724        211  pi+                 91  1465     0     0     0     0     0      0.189      1.195     -5.617      5.747      0.140
  1725        111  (pi0)              -91  1465     0  2136  2137     0     0      0.373      0.134     -3.194      3.221      0.135
  1726       -211  pi-                 91  1468     0     0     0     0     0     -0.586      0.595     -6.023      6.083      0.140
  1727        111  (pi0)              -91  1468     0  2138  2139     0     0      0.305      0.182     -1.912      1.949      0.135
  1728        211  pi+                 91  1469     0     0     0     0     0     -0.750     -0.453     -2.953      3.083      0.140
  1729        111  (pi0)              -91  1469     0  2140  2141     0     0     -0.228      0.335     -2.155      2.197      0.135
  1730        310  K_S0                91  1471  1471     0     0     0     0     -1.080     -0.097     -7.077      7.177      0.498
  1731       -321  K-                  91  1473     0     0     0     0     0     -1.365     -0.589    -12.703     12.799      0.494
  1732        211  pi+                 91  1473     0     0     0     0     0     -0.371     -0.291     -1.759      1.826      0.140
  1733       2112  n0                  91  1475     0     0     0     0     0     -1.125     -1.455    -13.378     13.537      0.940
  1734        211  pi+                 91  1475     0     0     0     0     0     -0.538     -0.551     -3.278      3.370      0.140
  1735       -211  pi-                 91  1479     0     0     0     0     0      0.370     -0.181     -1.125      1.206      0.140
  1736        111  (pi0)              -91  1479     0  2142  2143     0     0      0.334     -0.284     -5.392      5.411      0.135
  1737        211  pi+                 91  1480     0     0     0     0     0      0.781     -1.744     -8.507      8.721      0.140
  1738        111  (pi0)              -91  1480     0  2144  2145     0     0     -0.114     -0.181     -1.229      1.255      0.135
  1739        211  pi+                 91  1481     0     0     0     0     0      0.192     -0.378     -2.862      2.897      0.140
  1740       -211  pi-                 91  1481     0     0     0     0     0     -0.199     -1.390     -5.015      5.209      0.140
  1741        211  pi+                 91  1485     0     0     0     0     0     -0.130     -0.221     -1.129      1.166      0.140
  1742        111  (pi0)              -91  1485     0  2146  2147     0     0      0.215     -0.664     -0.565      0.908      0.135
  1743       -211  pi-                 91  1488     0     0     0     0     0     -0.458     -0.211     -0.420      0.671      0.140
  1744        111  (pi0)              -91  1488     0  2148  2149     0     0     -0.780     -1.365     -2.566      3.012      0.135
  1745       -211  pi-                 91  1490     0     0     0     0     0     -2.465     -3.121     -2.579      4.742      0.140
  1746        111  (pi0)              -91  1490     0  2150  2151     0     0     -0.421     -0.880     -1.192      1.546      0.135
  1747        211  pi+                 91  1499     0     0     0     0     0      0.172      0.008     -0.258      0.340      0.140
  1748       -211  pi-                 91  1499     0     0     0     0     0     -0.463      0.305     -0.909      1.074      0.140
  1749        321  K+                  91  1501     0     0     0     0     0     -0.239      0.246     -7.265      7.290      0.494
  1750       -211  pi-                 91  1501     0     0     0     0     0     -0.175     -0.023     -0.533      0.578      0.140
  1751       -321  K-                  91  1502     0     0     0     0     0     -0.148     -0.072     -5.682      5.705      0.494
  1752        211  pi+                 91  1502     0     0     0     0     0      0.079     -0.026    -11.115     11.116      0.140
  1753        130  K_L0                91  1506  1506     0     0     0     0     -0.167     -0.021    -32.209     32.213      0.498
  1754       2212  p+                  91  1533     0     0     0     0     0     -0.364      0.345     -3.400      3.563      0.938
  1755        111  (pi0)              -91  1533     0  2152  2153     0     0      0.145     -0.024     -1.000      1.020      0.135
  1756      -2212  pbar-               91  1535     0     0     0     0     0      0.079     -0.252     -2.529      2.711      0.938
  1757       -211  pi-                 91  1535     0     0     0     0     0      0.009      0.045     -0.297      0.331      0.140
  1758        130  K_L0                91  1538  1538     0     0     0     0      0.140      0.779     19.935     19.957      0.498
  1759        311  (K0)               -91  1540     0  1791  1791     0     0     -0.114      0.421      4.582      4.629      0.498
  1760        111  (pi0)              -91  1540     0  2154  2155     0     0     -0.501      0.510      8.844      8.874      0.135
  1761       -311  (Kbar0)            -91  1541     0  1792  1792     0     0     -0.751      1.179     22.891     22.939      0.498
  1762       -211  pi-                 91  1541     0     0     0     0     0     -0.592      0.621      8.776      8.819      0.140
  1763        211  pi+                 91  1544     0     0     0     0     0     -0.427      0.531     70.406     70.410      0.140
  1764        111  (pi0)              -91  1544     0  2156  2157     0     0      0.087      0.056      2.776      2.782      0.135
  1765        130  K_L0                91  1546  1546     0     0     0     0     -0.793      1.374     83.941     83.957      0.498
  1766        130  K_L0                91  1547  1547     0     0     0     0     -0.501      0.300     56.763     56.768      0.498
  1767        130  K_L0                91  1549  1549     0     0     0     0     -2.515      0.407    233.485    233.500      0.498
  1768        211  pi+                 91  1551     0     0     0     0     0     -0.695     -0.294     75.264     75.268      0.140
  1769       -211  pi-                 91  1551     0     0     0     0     0     -0.779      0.300     52.216     52.223      0.140
  1770        211  pi+                 91  1556     0     0     0     0     0      0.363     -0.312     24.196     24.201      0.140
  1771       -211  pi-                 91  1556     0     0     0     0     0     -0.303     -0.203     12.393     12.399      0.140
  1772        311  (K0)               -91  1565     0  1793  1793     0     0     -0.335     -0.014    101.210    101.212      0.498
  1773        211  pi+                 91  1565     0     0     0     0     0     -0.538      0.416    196.249    196.251      0.140
  1774        130  K_L0                91  1566  1566     0     0     0     0      0.196      0.171     82.270     82.272      0.498
  1775        310  K_S0                91  1567  1567     0     0     0     0     -1.670      0.146    386.011    386.015      0.498
  1776       -321  K-                  91  1568     0     0     0     0     0      0.111      0.280     93.379     93.381      0.494
  1777        211  pi+                 91  1568     0     0     0     0     0      0.606      0.625    190.421    190.423      0.140
  1778       -211  pi-                 91  1571     0     0     0     0     0     -0.091      0.310     54.216     54.217      0.140
  1779        111  (pi0)              -91  1571     0  2158  2159     0     0      0.556      0.065    157.438    157.439      0.135
  1780       -321  K-                  91  1575     0     0     0     0     0     -0.220      0.347      6.179      6.212      0.494
  1781        111  (pi0)              -91  1575     0  2160  2161     0     0     -0.212     -0.234      4.247      4.261      0.135
  1782       -311  (Kbar0)            -91  1581     0  1794  1794     0     0      0.432      0.155     -0.316      0.747      0.498
  1783        111  (pi0)              -91  1581     0  2162  2163     0     0     -0.157      0.057      0.186      0.284      0.135
  1784        130  K_L0                91  1582  1582     0     0     0     0      0.330     -0.079    -41.190     41.194      0.498
  1785        310  K_S0                91  1584  1584     0     0     0     0      0.409      0.135    -12.566     12.583      0.498
  1786        130  K_L0                91  1590  1590     0     0     0     0     -0.454     -0.045      4.226      4.280      0.498
  1787        130  K_L0                91  1593  1593     0     0     0     0     -0.421     -0.526    -55.638     55.645      0.498
  1788        130  K_L0                91  1603  1603     0     0     0     0     -0.272     -0.338      1.870      1.983      0.498
  1789        130  K_L0                91  1636  1636     0     0     0     0      0.053      0.278     -0.524      0.776      0.498
  1790        310  K_S0                91  1670  1670     0     0     0     0     -0.055      0.206      2.290      2.353      0.498
  1791        130  K_L0                91  1759  1759     0     0     0     0     -0.114      0.421      4.582      4.629      0.498
  1792        310  K_S0                91  1761  1761     0     0     0     0     -0.751      1.179     22.891     22.939      0.498
  1793        310  K_S0                91  1772  1772     0     0     0     0     -0.335     -0.014    101.210    101.212      0.498
  1794        310  K_S0                91  1782  1782     0     0     0     0      0.432      0.155     -0.316      0.747      0.498
  1795          1  (d)                -91  1011     0  1797  1798   379     0    -22.711      8.409   -110.051    112.684      0.330
  1796         -1  (dbar)             -91  1011     0  1799  1799     0   379    -47.108     35.507   -223.835    231.478      0.330
  1797          1  (d)                -51  1795     0  1800  1801   380     0    -33.843     16.244   -160.899    165.220      0.330
  1798         21  (g)                -51  1795     0  1802  1802   379   380      0.189      0.415     -1.140      1.228      0.000
  1799         -1  (dbar)             -52  1796  1796  1805  1805     0   379    -36.166     27.257   -171.847    177.714      0.330
  1800          1  (d)                -51  1797     0  2348  2348   381     0    -16.440      8.695    -79.439     81.588      0.330
  1801         21  (g)                -51  1797     0  2349  2349   380   381    -17.392      7.572    -81.524     83.701      0.000
  1802         21  (g)                -52  1798  1798  1803  1804   379   380      0.179      0.392     -1.076      1.159      0.000
  1803         21  (g)                -51  1802     0  2350  2350   382   380     -0.838      1.028     -2.926      3.213      0.000
  1804         21  (g)                -51  1802     0  2351  2351   379   382     -0.627      0.603     -5.960      6.023      0.000
  1805         -1  (dbar)             -52  1799  1799  2352  2352     0   379    -34.523     26.018   -164.037    169.638      0.330
  1806          1  (d)                -91  1012     0  1808  1809   383     0    -47.899     22.926   -187.004    194.398      0.330
  1807         -1  (dbar)             -91  1012     0  1810  1810     0   383    -30.962     23.604   -167.482    171.948      0.330
  1808          1  (d)                -51  1806     0  1811  1812   385     0    -42.886     19.801   -165.624    172.229      0.330
  1809         21  (g)                -51  1806     0  1813  1813   383   385     -8.724      5.957    -41.468     42.792      0.000
  1810         -1  (dbar)             -52  1807  1807  2300  2300     0   383    -27.251     20.772   -147.394    151.324      0.330
  1811          1  (d)                -51  1808     0  1816  1816   386     0    -40.622     19.135   -155.604    161.953      0.330
  1812         21  (g)                -51  1808     0  1814  1815   385   386     -6.009      3.222    -27.821     28.644      0.000
  1813         21  (g)                -52  1809  1809  2290     0   383   385     -4.979      3.400    -23.668     24.424      0.000
  1814          1  (d)                -51  1812     0  2290     0   385     0     -5.594      3.516    -23.582     24.493      0.330
  1815         -1  (dbar)             -51  1812     0  2292  2292     0   386    -14.472      6.323    -58.029     60.140      0.330
  1816          1  (d)                -52  1811  1811  2291  2291   386     0    -26.565     12.518   -101.813    105.964      0.330
  1817         53  DM(s=1)             91  1013     0     0     0     0     0    -34.087      7.390    -89.737     96.278      0.000
  1818        -53  DMbar(s=1)          91  1013     0     0     0     0     0    -30.853     17.345   -113.957    119.327      0.000
  1819         -5  (bbar)             -91  1014     0  2296  2296     0   387    -15.408      8.772    -68.096     70.530      4.800
  1820          5  (b)                -91  1014     0  2295  2295   387     0     -4.341      3.901    -15.547     17.286      4.800
  1821          4  (c)                -91  1015     0  2304  2307   389     0    -72.843     24.908   -158.892    176.565      1.500
  1822         -4  (cbar)             -91  1015     0  2304  2307     0   389     -7.714      5.014    -28.606     30.086      1.500
  1823         51  DM(s=0)             91  1016     0     0     0     0     0    -35.959     -9.395    -14.392     39.856      0.000
  1824        -51  DMbar(s=0)          91  1016     0     0     0     0     0    -23.127      8.164    -96.655     99.718      0.000
  1825         53  DM(s=1)             91  1017     0     0     0     0     0      7.135     -9.855      2.403     12.402      0.000
  1826        -53  DMbar(s=1)          91  1017     0     0     0     0     0     -2.935      1.787      1.829      3.893      0.000
  1827         -2  (ubar)             -91  1018     0  1829  1830     0   392     18.991     -3.808     22.273     29.518      0.330
  1828          2  (u)                -91  1018     0  1831  1831   392     0      7.483    -11.529     18.496     23.046      0.330
  1829         -2  (ubar)             -51  1827     0  1832  1833     0   393      1.505      1.281      3.802      4.297      0.330
  1830         21  (g)                -51  1827     0  1834  1834   393   392     20.219     -9.315     25.241     33.655      0.000
  1831          2  (u)                -52  1828  1828  2330  2330   392     0      4.750     -7.303     11.726     14.612      0.330
  1832         -2  (ubar)             -51  1829     0  2334  2334     0   394      0.881      1.124      1.218      1.905      0.330
  1833         21  (g)                -51  1829     0  1835  1836   394   393      3.963     -1.381      6.753      7.951      0.000
  1834         21  (g)                -52  1830  1830  1837  1837   393   392     16.879     -7.776     21.071     28.096      0.000
  1835         21  (g)                -51  1833     0  2333  2333   394   395      0.399     -0.039      0.216      0.456      0.000
  1836         21  (g)                -51  1833     0  2332  2332   395   393      7.516     -3.163     11.471     14.073      0.000
  1837         21  (g)                -52  1834  1834  2331  2331   393   392     12.927     -5.956     16.138     21.518      0.000
  1838         53  DM(s=1)             91  1019     0     0     0     0     0      1.716     -1.190      0.162      2.095      0.000
  1839        -53  DMbar(s=1)          91  1019     0     0     0     0     0     54.475    -28.126     87.369    106.733      0.000
  1840         -1  (dbar)             -91  1020     0  1844  1844     0   396    101.345    -55.786    135.462    178.138      0.330
  1841          1  (d)                -91  1020     0  1842  1843   396     0     31.288    -12.350     48.288     58.850      0.330
  1842          1  (d)                -51  1841     0  2320  2329   397     0     33.928    -13.659     52.087     63.646      0.330
  1843         21  (g)                -51  1841     0  2320  2329   396   397      4.592     -2.673      5.867      7.915      0.000
  1844         -1  (dbar)             -52  1840  1840  2320  2329     0   396     94.113    -51.805    125.796    165.426      0.330
  1845          3  (s)                -91  1021     0  1847  1848   398     0     78.164    -52.489    118.841    151.619      0.500
  1846         -3  (sbar)             -91  1021     0  1849  1849     0   398     54.140    -34.636     99.134    118.147      0.500
  1847          3  (s)                -51  1845     0  2308  2308   399     0     57.677    -38.679     89.097    112.966      0.500
  1848         21  (g)                -51  1845     0  1850  1851   398   399     21.455    -14.429     31.520     40.768      0.000
  1849         -3  (sbar)             -52  1846  1846  1852  1852     0   398     53.171    -34.017     97.359    116.031      0.500
  1850         21  (g)                -51  1848     0  2309  2309   400   399     19.495    -13.499     28.759     37.274      0.000
  1851         21  (g)                -51  1848     0  2310  2310   398   400      6.409     -3.776     10.913     13.208      0.000
  1852         -3  (sbar)             -52  1849  1849  2311  2311     0   398     48.722    -31.171     89.206    106.318      0.500
  1853         22  gamma               91  1097     0     0     0     0     0     -0.034      0.196     -1.060      1.078      0.000
  1854         22  gamma               91  1097     0     0     0     0     0      0.065     -0.307     -4.029      4.041      0.000
  1855         22  gamma               91  1099     0     0     0     0     0      0.305     -0.739     -3.708      3.793      0.000
  1856         22  gamma               91  1099     0     0     0     0     0      0.251     -0.519     -3.243      3.294      0.000
  1857         22  gamma               91  1103     0     0     0     0     0      0.000      0.019     -0.081      0.083      0.000
  1858         22  gamma               91  1103     0     0     0     0     0     -0.098     -0.017     -3.958      3.959      0.000
  1859        111  (pi0)              -91  1104     0  2164  2165     0     0      0.072     -0.014    -12.332     12.333      0.135
  1860        111  (pi0)              -91  1104     0  2166  2167     0     0     -0.061      0.044    -16.731     16.732      0.135
  1861        111  (pi0)              -91  1104     0  2168  2169     0     0      0.250      0.076    -19.094     19.096      0.135
  1862         22  gamma               91  1110     0     0     0     0     0     -0.084     -0.057     -5.689      5.690      0.000
  1863         22  gamma               91  1110     0     0     0     0     0     -0.189      0.046     -6.481      6.483      0.000
  1864        211  pi+                 91  1113     0     0     0     0     0     -0.006      0.077    -10.676     10.678      0.140
  1865       -211  pi-                 91  1113     0     0     0     0     0     -0.184      0.125     -6.409      6.414      0.140
  1866        111  (pi0)              -91  1113     0  2170  2171     0     0     -0.278     -0.335    -19.443     19.449      0.135
  1867         22  gamma               91  1115     0     0     0     0     0      0.035      0.234     -2.103      2.116      0.000
  1868         22  gamma               91  1115     0     0     0     0     0     -0.249      0.012    -10.446     10.448      0.000
  1869         22  gamma               91  1120     0     0     0     0     0      0.026      0.445     -7.941      7.954      0.000
  1870         22  gamma               91  1120     0     0     0     0     0     -0.045      0.238     -3.115      3.125      0.000
  1871         22  gamma               91  1121     0     0     0     0     0      0.082     -0.021     -0.251      0.265      0.000
  1872         22  gamma               91  1121     0     0     0     0     0      0.035      0.060     -0.045      0.083      0.000
  1873        211  pi+                 91  1127     0     0     0     0     0      0.019     -0.094      7.550      7.552      0.140
  1874       -211  pi-                 91  1127     0     0     0     0     0      0.159      0.082      3.628      3.636      0.140
  1875        111  (pi0)              -91  1127     0  2172  2173     0     0     -0.239      0.180     13.751     13.754      0.135
  1876         22  gamma               91  1128     0     0     0     0     0      0.539     -0.018     25.866     25.871      0.000
  1877         22  gamma               91  1128     0     0     0     0     0      0.327     -0.115     15.479     15.483      0.000
  1878        321  K+                  91  1134     0     0     0     0     0     -0.480      0.811      3.066      3.246      0.494
  1879       -321  K-                  91  1134     0     0     0     0     0     -0.452      0.468      2.217      2.363      0.494
  1880         22  gamma               91  1137     0     0     0     0     0      0.036     -0.089      0.112      0.148      0.000
  1881         22  gamma               91  1137     0     0     0     0     0      0.255     -0.119      0.518      0.590      0.000
  1882        211  pi+                 91  1139     0     0     0     0     0     -0.123     -0.344      2.215      2.249      0.140
  1883       -211  pi-                 91  1139     0     0     0     0     0     -0.103     -0.731      4.363      4.427      0.140
  1884        111  (pi0)              -91  1139     0  2174  2175     0     0     -0.459     -1.240      6.805      6.933      0.135
  1885         22  gamma               91  1146     0     0     0     0     0     -0.051     -0.034      0.207      0.216      0.000
  1886         22  gamma               91  1146     0     0     0     0     0      0.378      0.507      0.124      0.645      0.000
  1887         22  gamma               91  1148     0     0     0     0     0      0.549     -0.027      0.759      0.938      0.000
  1888         22  gamma               91  1148     0     0     0     0     0      0.552     -0.132      0.642      0.857      0.000
  1889         22  gamma               91  1152     0     0     0     0     0      0.415      0.270      1.847      1.912      0.000
  1890         22  gamma               91  1152     0     0     0     0     0      0.126     -0.029      2.899      2.902      0.000
  1891        111  (pi0)              -91  1163     0  2176  2177     0     0     -0.136      0.663     -0.129      0.702      0.135
  1892        111  (pi0)              -91  1163     0  2178  2179     0     0     -0.247      0.794     -0.389      0.927      0.135
  1893        111  (pi0)              -91  1163     0  2180  2181     0     0     -0.002      0.594     -0.131      0.623      0.135
  1894         22  gamma               91  1164     0     0     0     0     0     -0.054     -0.055      0.091      0.119      0.000
  1895         22  gamma               91  1164     0     0     0     0     0     -0.164      0.073      0.225      0.288      0.000
  1896         22  gamma               91  1167     0     0     0     0     0     -0.935     -0.092     -0.359      1.006      0.000
  1897         22  gamma               91  1167     0     0     0     0     0     -0.136     -0.062     -0.082      0.170      0.000
  1898        211  pi+                 91  1168     0     0     0     0     0     -0.074     -0.127     -0.057      0.211      0.140
  1899       -211  pi-                 91  1168     0     0     0     0     0     -0.527      0.263      0.063      0.609      0.140
  1900        111  (pi0)              -91  1168     0  2182  2183     0     0     -0.132     -0.027     -0.200      0.276      0.135
  1901        211  pi+                 91  1169     0     0     0     0     0     -0.255      0.077     -0.042      0.304      0.140
  1902       -211  pi-                 91  1169     0     0     0     0     0     -0.453     -0.244      0.041      0.535      0.140
  1903        111  (pi0)              -91  1169     0  2184  2185     0     0     -1.028     -0.256     -0.477      1.170      0.135
  1904         22  gamma               91  1174     0     0     0     0     0     -1.607     -1.120     -0.353      1.990      0.000
  1905         22  gamma               91  1174     0     0     0     0     0     -0.372     -0.316     -0.039      0.490      0.000
  1906        211  pi+                 91  1178     0     0     0     0     0     -1.045     -0.779     -0.610      1.445      0.140
  1907       -211  pi-                 91  1178     0     0     0     0     0     -0.457     -0.198     -0.171      0.545      0.140
  1908        111  (pi0)              -91  1178     0  2186  2187     0     0     -1.152     -0.683     -0.644      1.493      0.135
  1909        421  (D0)               -91  1198     0  2188  2190     0     0      1.529      0.951     -1.043      2.794      1.865
  1910        111  (pi0)              -91  1198     0  2191  2192     0     0      0.150      0.100     -0.054      0.231      0.135
  1911         22  gamma               91  1202     0     0     0     0     0     -0.039      0.074      0.042      0.094      0.000
  1912         22  gamma               91  1202     0     0     0     0     0      0.058      0.017     -0.036      0.070      0.000
  1913         22  gamma               91  1206     0     0     0     0     0      0.014     -0.104     -0.010      0.105      0.000
  1914         22  gamma               91  1206     0     0     0     0     0      0.073      0.009     -0.055      0.092      0.000
  1915         22  gamma               91  1207     0     0     0     0     0      0.156      0.063     -0.172      0.240      0.000
  1916         22  gamma               91  1207     0     0     0     0     0      0.014      0.097     -0.152      0.181      0.000
  1917        111  (pi0)              -91  1210     0  2193  2194     0     0     -0.082     -0.147      0.020      0.217      0.135
  1918         22  gamma               91  1210     0     0     0     0     0      0.945     -0.068     -0.379      1.021      0.000
  1919        211  pi+                 91  1219     0     0     0     0     0      0.754      1.322     -1.590      2.206      0.140
  1920       -211  pi-                 91  1219     0     0     0     0     0      1.511      1.972     -2.624      3.617      0.140
  1921        111  (pi0)              -91  1219     0  2195  2196     0     0      0.458      0.645     -0.789      1.125      0.135
  1922        211  pi+                 91  1221     0     0     0     0     0      0.157      0.562      0.152      0.619      0.140
  1923       -211  pi-                 91  1221     0     0     0     0     0      0.301      1.035     -0.362      1.145      0.140
  1924        111  (pi0)              -91  1221     0  2197  2198     0     0      0.477      1.289     -0.110      1.385      0.135
  1925         22  gamma               91  1224     0     0     0     0     0     -0.007      0.000      0.001      0.007      0.000
  1926         22  gamma               91  1224     0     0     0     0     0      0.334      0.843      0.438      1.007      0.000
  1927         22  gamma               91  1226     0     0     0     0     0      0.064      0.006      0.019      0.067      0.000
  1928         22  gamma               91  1226     0     0     0     0     0      0.006     -0.064      0.174      0.186      0.000
  1929         22  gamma               91  1231     0     0     0     0     0      0.050      0.069     -6.948      6.948      0.000
  1930         22  gamma               91  1231     0     0     0     0     0      0.010      0.036    -22.696     22.696      0.000
  1931         22  gamma               91  1232     0     0     0     0     0      0.175      0.401    -33.842     33.845      0.000
  1932         22  gamma               91  1232     0     0     0     0     0     -0.022      0.017     -1.990      1.990      0.000
  1933        111  (pi0)              -91  1244     0  2199  2200     0     0     -0.114      0.215     -0.022      0.279      0.135
  1934        111  (pi0)              -91  1244     0  2201  2202     0     0     -0.069      0.012     -0.090      0.177      0.135
  1935        111  (pi0)              -91  1244     0  2203  2204     0     0     -0.232      0.422     -0.220      0.546      0.135
  1936         22  gamma               91  1247     0     0     0     0     0      0.009      0.090     -1.598      1.601      0.000
  1937         22  gamma               91  1247     0     0     0     0     0      0.520      0.850    -16.738     16.768      0.000
  1938        211  pi+                 91  1260     0     0     0     0     0     -0.105     -0.174      0.071      0.256      0.140
  1939       -211  pi-                 91  1260     0     0     0     0     0     -0.302     -0.655     -0.186      0.758      0.140
  1940        111  (pi0)              -91  1260     0  2205  2206     0     0     -0.983     -0.804     -0.088      1.280      0.135
  1941        111  (pi0)              -91  1264     0  2207  2208     0     0      0.289      0.287     -5.439      5.456      0.135
  1942        111  (pi0)              -91  1264     0  2209  2211     0     0      0.058      0.100     -1.908      1.916      0.135
  1943        111  (pi0)              -91  1264     0  2212  2213     0     0      0.386      0.079     -4.454      4.474      0.135
  1944         22  gamma               91  1265     0     0     0     0     0     -0.564      0.333     -1.006      1.200      0.000
  1945         22  gamma               91  1265     0     0     0     0     0     -0.225      0.167     -0.295      0.407      0.000
  1946        211  pi+                 91  1277     0     0     0     0     0     -0.103      0.129      1.223      1.241      0.140
  1947       -211  pi-                 91  1277     0     0     0     0     0      0.049     -0.015      1.465      1.472      0.140
  1948        111  (pi0)              -91  1277     0  2214  2215     0     0     -0.121      0.223      1.821      1.844      0.135
  1949         22  gamma               91  1278     0     0     0     0     0     -0.024      0.244      9.631      9.634      0.000
  1950         22  gamma               91  1278     0     0     0     0     0     -0.049      0.028      1.108      1.109      0.000
  1951         22  gamma               91  1285     0     0     0     0     0      0.054     -0.207      0.177      0.278      0.000
  1952         22  gamma               91  1285     0     0     0     0     0     -0.032     -0.305      0.115      0.328      0.000
  1953        111  (pi0)              -91  1296     0  2216  2217     0     0     -0.101     -0.135     46.595     46.595      0.135
  1954        111  (pi0)              -91  1296     0  2218  2219     0     0     -0.218      0.063     79.368     79.368      0.135
  1955        221  (eta)              -91  1296     0  2220  2221     0     0     -0.186      0.098    199.383    199.384      0.548
  1956         22  gamma               91  1301     0     0     0     0     0      0.036      0.052      1.694      1.695      0.000
  1957         22  gamma               91  1301     0     0     0     0     0      0.438      0.156      7.672      7.686      0.000
  1958        130  K_L0                91  1306     0     0     0     0     0      0.206      0.171      0.037      0.566      0.498
  1959        310  K_S0                91  1306     0     0     0     0     0      0.243     -0.070     -0.034      0.559      0.498
  1960         22  gamma               91  1309     0     0     0     0     0      0.057      0.762     -1.240      1.457      0.000
  1961         22  gamma               91  1309     0     0     0     0     0      0.019     -0.094     -0.090      0.131      0.000
  1962        211  pi+                 91  1312     0     0     0     0     0     -0.211      0.076     -3.056      3.067      0.140
  1963       -211  pi-                 91  1312     0     0     0     0     0     -0.072      0.700     -4.625      4.680      0.140
  1964        111  (pi0)              -91  1312     0  2222  2223     0     0     -0.225      0.277     -3.341      3.363      0.135
  1965         22  gamma               91  1323     0     0     0     0     0     -0.006      0.122      1.126      1.132      0.000
  1966         22  gamma               91  1323     0     0     0     0     0      0.130      0.195      1.316      1.337      0.000
  1967         22  gamma               91  1355     0     0     0     0     0     -0.117     -0.160      0.204      0.284      0.000
  1968         22  gamma               91  1355     0     0     0     0     0     -0.185     -0.061      0.297      0.355      0.000
  1969        211  pi+                 91  1356     0     0     0     0     0     -0.654     -0.800      1.004      1.447      0.140
  1970       -211  pi-                 91  1356     0     0     0     0     0     -1.304     -0.871      2.201      2.706      0.140
  1971        111  (pi0)              -91  1356     0  2224  2225     0     0     -0.180     -0.219      0.423      0.527      0.135
  1972         22  gamma               91  1362     0     0     0     0     0     -0.045     -0.012      0.232      0.237      0.000
  1973         22  gamma               91  1362     0     0     0     0     0     -0.381     -0.369      1.305      1.409      0.000
  1974        211  pi+                 91  1364     0     0     0     0     0     -0.163     -0.412      2.729      2.768      0.140
  1975       -211  pi-                 91  1364     0     0     0     0     0     -0.401     -0.121      2.246      2.290      0.140
  1976        111  (pi0)              -91  1364     0  2226  2227     0     0     -0.015      0.083      0.619      0.639      0.135
  1977        211  pi+                 91  1366     0     0     0     0     0     -0.309      0.067      0.598      0.691      0.140
  1978       -211  pi-                 91  1366     0     0     0     0     0     -0.603      0.017      1.662      1.774      0.140
  1979        111  (pi0)              -91  1366     0  2228  2229     0     0     -0.668      0.068      1.201      1.382      0.135
  1980         22  gamma               91  1369     0     0     0     0     0     -0.337     -0.159     -0.091      0.383      0.000
  1981         22  gamma               91  1369     0     0     0     0     0     -0.458     -0.069     -0.185      0.499      0.000
  1982        211  pi+                 91  1371     0     0     0     0     0      0.129     -0.185      0.302      0.402      0.140
  1983       -211  pi-                 91  1371     0     0     0     0     0      0.045     -0.468      0.542      0.730      0.140
  1984        111  (pi0)              -91  1371     0  2230  2231     0     0     -0.058     -0.410      0.326      0.544      0.135
  1985         22  gamma               91  1372     0     0     0     0     0     -0.179     -0.414      0.083      0.458      0.000
  1986         22  gamma               91  1372     0     0     0     0     0     -0.322     -0.381      0.799      0.941      0.000
  1987        111  (pi0)              -91  1379     0  2232  2233     0     0      0.064      0.000      1.451      1.458      0.135
  1988        111  (pi0)              -91  1379     0  2234  2235     0     0      0.055     -0.118      1.195      1.210      0.135
  1989        111  (pi0)              -91  1379     0  2236  2237     0     0     -0.059      0.113      2.572      2.578      0.135
  1990        111  (pi0)              -91  1431     0  2238  2239     0     0     -0.097      0.164     -0.872      0.903      0.135
  1991        111  (pi0)              -91  1431     0  2240  2241     0     0     -0.065      0.013     -0.229      0.274      0.135
  1992        111  (pi0)              -91  1431     0  2242  2243     0     0     -0.222     -0.013     -0.440      0.511      0.135
  1993        111  (pi0)              -91  1432     0  2244  2245     0     0      0.032     -0.031     -0.327      0.356      0.135
  1994        111  (pi0)              -91  1432     0  2246  2247     0     0     -0.095     -0.212     -1.188      1.218      0.135
  1995        221  (eta)              -91  1432     0  2248  2250     0     0     -0.169     -0.087     -1.210      1.342      0.548
  1996         22  gamma               91  1437     0     0     0     0     0      0.042     -0.032    -10.919     10.919      0.000
  1997         22  gamma               91  1437     0     0     0     0     0      0.366      0.117    -63.259     63.260      0.000
  1998        211  pi+                 91  1438     0     0     0     0     0      0.218      0.085    -15.107     15.110      0.140
  1999       -211  pi-                 91  1438     0     0     0     0     0     -0.016     -0.165    -17.331     17.333      0.140
  2000        111  (pi0)              -91  1438     0  2251  2252     0     0      0.198     -0.288    -66.050     66.051      0.135
  2001         22  gamma               91  1443     0     0     0     0     0      0.051     -0.101    -42.917     42.918      0.000
  2002         22  gamma               91  1443     0     0     0     0     0     -0.032     -0.192    -38.600     38.600      0.000
  2003         22  gamma               91  1444     0     0     0     0     0     -0.043      0.457    -25.569     25.573      0.000
  2004         22  gamma               91  1444     0     0     0     0     0      0.036      0.268    -20.494     20.496      0.000
  2005        211  pi+                 91  1445     0     0     0     0     0     -0.485     -0.442    -16.430     16.444      0.140
  2006       -211  pi-                 91  1445     0     0     0     0     0     -0.181     -0.119    -16.928     16.930      0.140
  2007        111  (pi0)              -91  1445     0  2253  2254     0     0     -0.201     -0.500    -17.668     17.676      0.135
  2008         22  gamma               91  1450     0     0     0     0     0     -0.043      0.011     -2.561      2.561      0.000
  2009         22  gamma               91  1450     0     0     0     0     0     -0.244     -0.275    -18.790     18.794      0.000
  2010         22  gamma               91  1456     0     0     0     0     0      0.019      0.378    -14.378     14.383      0.000
  2011         22  gamma               91  1456     0     0     0     0     0     -0.115      0.603    -26.963     26.970      0.000
  2012        211  pi+                 91  1458     0     0     0     0     0     -0.068      0.067     -1.382      1.393      0.140
  2013       -211  pi-                 91  1458     0     0     0     0     0     -0.631      0.050     -7.400      7.428      0.140
  2014        111  (pi0)              -91  1458     0  2255  2256     0     0     -0.221      0.169     -8.640      8.646      0.135
  2015         22  gamma               91  1461     0     0     0     0     0     -0.416      0.244     -7.259      7.275      0.000
  2016         22  gamma               91  1461     0     0     0     0     0     -0.663      0.229     -9.340      9.367      0.000
  2017         22  gamma               91  1470     0     0     0     0     0     -0.149     -0.128     -0.874      0.896      0.000
  2018         22  gamma               91  1470     0     0     0     0     0     -0.696     -0.730     -3.338      3.487      0.000
  2019        321  K+                  91  1472     0     0     0     0     0     -0.953     -0.221     -3.822      3.976      0.494
  2020       -321  K-                  91  1472     0     0     0     0     0     -0.794     -0.134     -4.172      4.277      0.494
  2021         22  gamma               91  1474     0     0     0     0     0     -0.332      0.153     -2.969      2.991      0.000
  2022         22  gamma               91  1474     0     0     0     0     0     -0.122      0.085     -0.694      0.710      0.000
  2023         22  gamma               91  1477     0     0     0     0     0      0.045     -0.167     -4.179      4.182      0.000
  2024         22  gamma               91  1477     0     0     0     0     0     -0.032     -0.073     -4.775      4.775      0.000
  2025        211  pi+                 91  1478     0     0     0     0     0     -0.228     -0.121     -1.341      1.373      0.140
  2026       -211  pi-                 91  1478     0     0     0     0     0     -0.138     -0.758     -4.340      4.410      0.140
  2027        111  (pi0)              -91  1478     0  2257  2258     0     0     -0.316     -0.509     -4.991      5.028      0.135
  2028        211  pi+                 91  1482     0     0     0     0     0      0.427     -0.356     -2.064      2.142      0.140
  2029       -211  pi-                 91  1482     0     0     0     0     0      0.033     -0.488     -1.881      1.949      0.140
  2030        111  (pi0)              -91  1482     0  2259  2260     0     0      0.030     -0.274     -0.490      0.578      0.135
  2031         22  gamma               91  1483     0     0     0     0     0      0.328     -0.789     -0.975      1.296      0.000
  2032         22  gamma               91  1483     0     0     0     0     0      0.396     -0.157     -0.850      0.951      0.000
  2033       -421  (Dbar0)            -91  1491     0  2261  2262     0     0     -1.580      0.081     -2.276      3.341      1.865
  2034        111  (pi0)              -91  1491     0  2263  2264     0     0     -0.158      0.030     -0.236      0.316      0.135
  2035         22  gamma               91  1504     0     0     0     0     0     -0.006     -0.001     -0.031      0.032      0.000
  2036         22  gamma               91  1504     0     0     0     0     0      0.148      0.535    -10.911     10.925      0.000
  2037         22  gamma               91  1534     0     0     0     0     0      0.069     -0.413      0.053      0.422      0.000
  2038         22  gamma               91  1534     0     0     0     0     0      0.092     -0.107     -0.001      0.142      0.000
  2039        211  pi+                 91  1536     0     0     0     0     0     -0.100     -0.053     -0.028      0.182      0.140
  2040       -211  pi-                 91  1536     0     0     0     0     0     -0.013     -0.183      0.039      0.234      0.140
  2041         22  gamma               91  1536     0     0     0     0     0     -0.251     -0.147     -0.246      0.381      0.000
  2042        111  (pi0)              -91  1539     0  2265  2266     0     0     -0.263      1.103     12.280     12.333      0.135
  2043         22  gamma               91  1539     0     0     0     0     0     -0.282     -0.040      3.163      3.175      0.000
  2044         22  gamma               91  1545     0     0     0     0     0      0.017      0.291      8.323      8.328      0.000
  2045         22  gamma               91  1545     0     0     0     0     0     -0.010     -0.185     17.221     17.222      0.000
  2046        211  pi+                 91  1548     0     0     0     0     0     -0.029      0.110     34.501     34.501      0.140
  2047       -211  pi-                 91  1548     0     0     0     0     0     -0.196      0.498     37.150     37.155      0.140
  2048         22  gamma               91  1548     0     0     0     0     0      0.013      0.130      9.518      9.519      0.000
  2049         22  gamma               91  1552     0     0     0     0     0      0.026     -0.025      2.331      2.332      0.000
  2050         22  gamma               91  1552     0     0     0     0     0     -0.169     -0.092     13.175     13.177      0.000
  2051        211  pi+                 91  1562     0     0     0     0     0     -0.212     -0.127     22.123     22.125      0.140
  2052       -211  pi-                 91  1562     0     0     0     0     0     -0.063     -0.369     95.155     95.156      0.140
  2053        111  (pi0)              -91  1562     0  2267  2268     0     0     -0.287     -0.362    100.417    100.418      0.135
  2054        111  (pi0)              -91  1563     0  2269  2270     0     0      0.012      0.059     24.419     24.419      0.135
  2055        111  (pi0)              -91  1563     0  2271  2272     0     0     -0.018      0.086     43.768     43.768      0.135
  2056        111  (pi0)              -91  1563     0  2273  2274     0     0     -0.281      0.391    106.741    106.742      0.135
  2057         22  gamma               91  1578     0     0     0     0     0      0.002      0.012      0.019      0.023      0.000
  2058         22  gamma               91  1578     0     0     0     0     0     -0.170     -0.222      1.424      1.452      0.000
  2059         22  gamma               91  1585     0     0     0     0     0      0.328      0.361     -9.289      9.302      0.000
  2060         22  gamma               91  1585     0     0     0     0     0      0.212      0.177     -3.743      3.753      0.000
  2061         22  gamma               91  1587     0     0     0     0     0     -0.161     -0.054     -0.970      0.985      0.000
  2062         22  gamma               91  1587     0     0     0     0     0     -0.428     -0.085     -4.029      4.052      0.000
  2063         22  gamma               91  1589     0     0     0     0     0     -0.102     -0.278    -31.047     31.049      0.000
  2064         22  gamma               91  1589     0     0     0     0     0     -0.033     -0.043    -15.181     15.181      0.000
  2065         22  gamma               91  1594     0     0     0     0     0     -0.301     -0.122    -24.666     24.668      0.000
  2066         22  gamma               91  1594     0     0     0     0     0     -0.877     -0.610    -85.791     85.797      0.000
  2067         22  gamma               91  1598     0     0     0     0     0     -0.230      0.248     -5.071      5.083      0.000
  2068         22  gamma               91  1598     0     0     0     0     0     -0.104      0.025     -1.068      1.073      0.000
  2069         22  gamma               91  1600     0     0     0     0     0     -0.001     -0.010     -0.344      0.344      0.000
  2070         22  gamma               91  1600     0     0     0     0     0      0.330      0.115     -2.984      3.004      0.000
  2071         22  gamma               91  1608     0     0     0     0     0      0.043      0.233     -0.373      0.442      0.000
  2072         22  gamma               91  1608     0     0     0     0     0     -0.075      0.256     -0.300      0.401      0.000
  2073         22  gamma               91  1613     0     0     0     0     0     -0.308     -0.555     -0.330      0.715      0.000
  2074         22  gamma               91  1613     0     0     0     0     0     -0.344     -0.625     -0.216      0.746      0.000
  2075         22  gamma               91  1615     0     0     0     0     0      0.094     -0.077     -0.041      0.128      0.000
  2076         22  gamma               91  1615     0     0     0     0     0      0.663     -0.165     -0.345      0.765      0.000
  2077         22  gamma               91  1617     0     0     0     0     0      1.394     -0.361      0.485      1.519      0.000
  2078         22  gamma               91  1617     0     0     0     0     0      0.352     -0.150      0.087      0.393      0.000
  2079         22  gamma               91  1621     0     0     0     0     0      0.252      0.097     -0.023      0.271      0.000
  2080         22  gamma               91  1621     0     0     0     0     0      0.135      0.012     -0.107      0.172      0.000
  2081         22  gamma               91  1627     0     0     0     0     0      0.149      0.138     -0.028      0.205      0.000
  2082         22  gamma               91  1627     0     0     0     0     0      0.042      0.025     -0.092      0.104      0.000
  2083         22  gamma               91  1633     0     0     0     0     0     -0.065      0.029     -8.340      8.340      0.000
  2084         22  gamma               91  1633     0     0     0     0     0     -0.148     -0.123    -36.022     36.023      0.000
  2085         22  gamma               91  1635     0     0     0     0     0      0.051     -0.139     -6.722      6.723      0.000
  2086         22  gamma               91  1635     0     0     0     0     0     -0.017     -0.199     -4.767      4.771      0.000
  2087         22  gamma               91  1637     0     0     0     0     0      0.038     -0.135     -0.043      0.147      0.000
  2088         22  gamma               91  1637     0     0     0     0     0      0.173     -0.100     -0.126      0.237      0.000
  2089         22  gamma               91  1639     0     0     0     0     0      0.012      0.025      0.031      0.042      0.000
  2090         22  gamma               91  1639     0     0     0     0     0      0.096      0.152     -0.144      0.230      0.000
  2091         22  gamma               91  1641     0     0     0     0     0     -0.178     -0.064     -0.223      0.292      0.000
  2092         22  gamma               91  1641     0     0     0     0     0     -0.083     -0.122     -0.075      0.165      0.000
  2093         22  gamma               91  1649     0     0     0     0     0      0.009     -0.286      1.771      1.794      0.000
  2094         22  gamma               91  1649     0     0     0     0     0      0.061     -0.041      0.553      0.557      0.000
  2095         22  gamma               91  1651     0     0     0     0     0     -0.124      0.157     -0.903      0.925      0.000
  2096         22  gamma               91  1651     0     0     0     0     0     -0.018      0.251     -1.289      1.313      0.000
  2097         22  gamma               91  1655     0     0     0     0     0     -0.031      0.054     -0.071      0.094      0.000
  2098         22  gamma               91  1655     0     0     0     0     0     -0.096     -0.076     -0.094      0.154      0.000
  2099         22  gamma               91  1657     0     0     0     0     0     -0.051      0.008     -0.185      0.192      0.000
  2100         22  gamma               91  1657     0     0     0     0     0     -0.383     -0.013     -0.495      0.626      0.000
  2101         22  gamma               91  1667     0     0     0     0     0      0.005     -0.119      0.003      0.119      0.000
  2102         22  gamma               91  1667     0     0     0     0     0      0.035      0.029     -0.017      0.049      0.000
  2103         22  gamma               91  1673     0     0     0     0     0      0.004     -0.049      0.122      0.131      0.000
  2104         22  gamma               91  1673     0     0     0     0     0     -0.286     -0.264      0.606      0.720      0.000
  2105         22  gamma               91  1675     0     0     0     0     0     -0.649      0.413      0.342      0.842      0.000
  2106         22  gamma               91  1675     0     0     0     0     0     -0.089      0.005      0.031      0.094      0.000
  2107         22  gamma               91  1679     0     0     0     0     0     -0.003     -0.019      0.013      0.023      0.000
  2108         22  gamma               91  1679     0     0     0     0     0     -0.209      0.212      0.222      0.371      0.000
  2109         22  gamma               91  1683     0     0     0     0     0     -0.180      0.148      0.788      0.822      0.000
  2110         22  gamma               91  1683     0     0     0     0     0     -0.505      0.617      2.079      2.226      0.000
  2111         22  gamma               91  1685     0     0     0     0     0     -0.026     -0.085      0.179      0.200      0.000
  2112         11  e-                  91  1685     0     0     0     0     0     -0.016     -0.018      0.022      0.033      0.001
  2113        -11  e+                  91  1685     0     0     0     0     0     -0.208     -0.231      0.280      0.418      0.001
  2114         22  gamma               91  1692     0     0     0     0     0      0.733      0.045     20.006     20.019      0.000
  2115         22  gamma               91  1692     0     0     0     0     0      0.634      0.107     14.837     14.851      0.000
  2116         22  gamma               91  1699     0     0     0     0     0     -0.017     -0.020     -0.010      0.028      0.000
  2117         22  gamma               91  1699     0     0     0     0     0     -0.014      0.199     -0.033      0.202      0.000
  2118         22  gamma               91  1701     0     0     0     0     0      0.000      0.087     -1.374      1.377      0.000
  2119         22  gamma               91  1701     0     0     0     0     0      0.176      0.131     -5.148      5.152      0.000
  2120         22  gamma               91  1703     0     0     0     0     0     -0.048      0.200     -5.631      5.635      0.000
  2121         22  gamma               91  1703     0     0     0     0     0     -0.254      0.375    -15.964     15.971      0.000
  2122         22  gamma               91  1705     0     0     0     0     0      0.254      0.135    -53.544     53.545      0.000
  2123         22  gamma               91  1705     0     0     0     0     0      0.081      0.058    -39.935     39.935      0.000
  2124         22  gamma               91  1712     0     0     0     0     0      0.107     -0.082     -3.601      3.604      0.000
  2125         22  gamma               91  1712     0     0     0     0     0      0.082     -0.252    -10.489     10.493      0.000
  2126         22  gamma               91  1714     0     0     0     0     0      0.350      0.302    -12.197     12.206      0.000
  2127         22  gamma               91  1714     0     0     0     0     0      0.423      0.375    -11.452     11.466      0.000
  2128         22  gamma               91  1716     0     0     0     0     0      0.073      0.027     -1.712      1.713      0.000
  2129         22  gamma               91  1716     0     0     0     0     0      0.109      0.182    -10.270     10.272      0.000
  2130         22  gamma               91  1718     0     0     0     0     0     -0.248      0.654     -5.282      5.328      0.000
  2131         22  gamma               91  1718     0     0     0     0     0     -0.076      0.096     -1.309      1.315      0.000
  2132         22  gamma               91  1720     0     0     0     0     0     -0.372      0.247     -6.147      6.163      0.000
  2133         22  gamma               91  1720     0     0     0     0     0     -0.180      0.189     -4.978      4.985      0.000
  2134         22  gamma               91  1723     0     0     0     0     0     -0.004      0.092     -0.704      0.710      0.000
  2135         22  gamma               91  1723     0     0     0     0     0      0.141      0.089     -1.941      1.949      0.000
  2136         22  gamma               91  1725     0     0     0     0     0      0.176      0.024     -1.852      1.861      0.000
  2137         22  gamma               91  1725     0     0     0     0     0      0.197      0.110     -1.342      1.361      0.000
  2138         22  gamma               91  1727     0     0     0     0     0      0.032     -0.022     -0.181      0.186      0.000
  2139         22  gamma               91  1727     0     0     0     0     0      0.273      0.204     -1.730      1.764      0.000
  2140         22  gamma               91  1729     0     0     0     0     0     -0.062      0.193     -1.219      1.236      0.000
  2141         22  gamma               91  1729     0     0     0     0     0     -0.166      0.142     -0.935      0.961      0.000
  2142         22  gamma               91  1736     0     0     0     0     0      0.084     -0.009     -0.775      0.780      0.000
  2143         22  gamma               91  1736     0     0     0     0     0      0.251     -0.274     -4.616      4.631      0.000
  2144         22  gamma               91  1738     0     0     0     0     0     -0.084     -0.073     -0.908      0.915      0.000
  2145         22  gamma               91  1738     0     0     0     0     0     -0.031     -0.108     -0.321      0.340      0.000
  2146         22  gamma               91  1742     0     0     0     0     0     -0.014     -0.011     -0.010      0.020      0.000
  2147         22  gamma               91  1742     0     0     0     0     0      0.230     -0.653     -0.555      0.887      0.000
  2148         22  gamma               91  1744     0     0     0     0     0     -0.311     -0.422     -0.887      1.031      0.000
  2149         22  gamma               91  1744     0     0     0     0     0     -0.468     -0.943     -1.678      1.981      0.000
  2150         22  gamma               91  1746     0     0     0     0     0     -0.100     -0.314     -0.472      0.576      0.000
  2151         22  gamma               91  1746     0     0     0     0     0     -0.321     -0.567     -0.719      0.970      0.000
  2152         22  gamma               91  1755     0     0     0     0     0      0.116     -0.072     -0.814      0.825      0.000
  2153         22  gamma               91  1755     0     0     0     0     0      0.028      0.048     -0.186      0.194      0.000
  2154         22  gamma               91  1760     0     0     0     0     0     -0.067      0.066      1.842      1.845      0.000
  2155         22  gamma               91  1760     0     0     0     0     0     -0.434      0.444      7.002      7.029      0.000
  2156         22  gamma               91  1764     0     0     0     0     0      0.018      0.076      0.778      0.782      0.000
  2157         22  gamma               91  1764     0     0     0     0     0      0.069     -0.020      1.998      2.000      0.000
  2158         22  gamma               91  1779     0     0     0     0     0      0.402     -0.003    100.790    100.791      0.000
  2159         22  gamma               91  1779     0     0     0     0     0      0.154      0.069     56.648     56.648      0.000
  2160         22  gamma               91  1781     0     0     0     0     0     -0.095     -0.184      3.070      3.077      0.000
  2161         22  gamma               91  1781     0     0     0     0     0     -0.117     -0.050      1.177      1.184      0.000
  2162         22  gamma               91  1783     0     0     0     0     0     -0.048      0.055      0.154      0.171      0.000
  2163         22  gamma               91  1783     0     0     0     0     0     -0.109      0.002      0.032      0.113      0.000
  2164         22  gamma               91  1859     0     0     0     0     0      0.012     -0.001    -10.356     10.356      0.000
  2165         22  gamma               91  1859     0     0     0     0     0      0.060     -0.012     -1.976      1.977      0.000
  2166         22  gamma               91  1860     0     0     0     0     0      0.019      0.062     -4.917      4.917      0.000
  2167         22  gamma               91  1860     0     0     0     0     0     -0.081     -0.018    -11.814     11.815      0.000
  2168         22  gamma               91  1861     0     0     0     0     0      0.152      0.001    -13.729     13.730      0.000
  2169         22  gamma               91  1861     0     0     0     0     0      0.098      0.075     -5.365      5.366      0.000
  2170         22  gamma               91  1866     0     0     0     0     0     -0.114     -0.063     -4.140      4.142      0.000
  2171         22  gamma               91  1866     0     0     0     0     0     -0.164     -0.272    -15.304     15.307      0.000
  2172         22  gamma               91  1875     0     0     0     0     0     -0.130      0.171      8.035      8.038      0.000
  2173         22  gamma               91  1875     0     0     0     0     0     -0.109      0.009      5.715      5.716      0.000
  2174         22  gamma               91  1884     0     0     0     0     0     -0.166     -0.319      1.649      1.688      0.000
  2175         22  gamma               91  1884     0     0     0     0     0     -0.292     -0.920      5.156      5.245      0.000
  2176         22  gamma               91  1891     0     0     0     0     0     -0.061      0.321      0.006      0.327      0.000
  2177         22  gamma               91  1891     0     0     0     0     0     -0.074      0.342     -0.135      0.375      0.000
  2178         22  gamma               91  1892     0     0     0     0     0     -0.234      0.634     -0.268      0.727      0.000
  2179         22  gamma               91  1892     0     0     0     0     0     -0.014      0.160     -0.121      0.201      0.000
  2180         22  gamma               91  1893     0     0     0     0     0      0.040      0.535     -0.123      0.551      0.000
  2181         22  gamma               91  1893     0     0     0     0     0     -0.041      0.058     -0.008      0.072      0.000
  2182         22  gamma               91  1900     0     0     0     0     0     -0.104     -0.041     -0.048      0.122      0.000
  2183         22  gamma               91  1900     0     0     0     0     0     -0.028      0.013     -0.152      0.155      0.000
  2184         22  gamma               91  1903     0     0     0     0     0     -0.892     -0.250     -0.454      1.031      0.000
  2185         22  gamma               91  1903     0     0     0     0     0     -0.136     -0.006     -0.023      0.139      0.000
  2186         22  gamma               91  1908     0     0     0     0     0     -1.037     -0.564     -0.566      1.309      0.000
  2187         22  gamma               91  1908     0     0     0     0     0     -0.115     -0.120     -0.078      0.183      0.000
  2188       -321  K-                  91  1909     0     0     0     0     0      0.236     -0.189     -0.332      0.667      0.494
  2189        211  pi+                 91  1909     0     0     0     0     0      1.053      1.056     -0.161      1.506      0.140
  2190        111  (pi0)              -91  1909     0  2275  2276     0     0      0.240      0.084     -0.549      0.620      0.135
  2191         22  gamma               91  1910     0     0     0     0     0      0.014      0.068     -0.060      0.092      0.000
  2192         22  gamma               91  1910     0     0     0     0     0      0.136      0.032      0.006      0.140      0.000
  2193         22  gamma               91  1917     0     0     0     0     0     -0.018     -0.005     -0.044      0.048      0.000
  2194         22  gamma               91  1917     0     0     0     0     0     -0.064     -0.143      0.064      0.169      0.000
  2195         22  gamma               91  1921     0     0     0     0     0      0.082      0.169     -0.123      0.224      0.000
  2196         22  gamma               91  1921     0     0     0     0     0      0.376      0.476     -0.666      0.901      0.000
  2197         22  gamma               91  1924     0     0     0     0     0      0.371      0.868     -0.033      0.944      0.000
  2198         22  gamma               91  1924     0     0     0     0     0      0.107      0.421     -0.077      0.441      0.000
  2199         22  gamma               91  1933     0     0     0     0     0     -0.099      0.136      0.045      0.174      0.000
  2200         22  gamma               91  1933     0     0     0     0     0     -0.014      0.079     -0.067      0.105      0.000
  2201         22  gamma               91  1934     0     0     0     0     0      0.003      0.001     -0.103      0.103      0.000
  2202         22  gamma               91  1934     0     0     0     0     0     -0.072      0.011      0.013      0.074      0.000
  2203         22  gamma               91  1935     0     0     0     0     0     -0.177      0.249     -0.197      0.364      0.000
  2204         22  gamma               91  1935     0     0     0     0     0     -0.055      0.173     -0.023      0.183      0.000
  2205         22  gamma               91  1940     0     0     0     0     0     -0.671     -0.465     -0.057      0.818      0.000
  2206         22  gamma               91  1940     0     0     0     0     0     -0.312     -0.339     -0.031      0.462      0.000
  2207         22  gamma               91  1941     0     0     0     0     0     -0.001     -0.004     -0.006      0.008      0.000
  2208         22  gamma               91  1941     0     0     0     0     0      0.290      0.292     -5.433      5.448      0.000
  2209         22  gamma               91  1942     0     0     0     0     0      0.034     -0.030     -0.438      0.440      0.000
  2210         11  e-                  91  1942     0     0     0     0     0      0.004      0.026     -0.314      0.316      0.001
  2211        -11  e+                  91  1942     0     0     0     0     0      0.020      0.104     -1.156      1.161      0.001
  2212         22  gamma               91  1943     0     0     0     0     0      0.074      0.073     -1.196      1.201      0.000
  2213         22  gamma               91  1943     0     0     0     0     0      0.312      0.006     -3.258      3.273      0.000
  2214         22  gamma               91  1948     0     0     0     0     0     -0.116      0.191      1.766      1.780      0.000
  2215         22  gamma               91  1948     0     0     0     0     0     -0.004      0.031      0.056      0.064      0.000
  2216         22  gamma               91  1953     0     0     0     0     0     -0.008     -0.059      5.490      5.490      0.000
  2217         22  gamma               91  1953     0     0     0     0     0     -0.092     -0.076     41.105     41.105      0.000
  2218         22  gamma               91  1954     0     0     0     0     0      0.003      0.016     20.539     20.539      0.000
  2219         22  gamma               91  1954     0     0     0     0     0     -0.220      0.046     58.829     58.829      0.000
  2220         22  gamma               91  1955     0     0     0     0     0      0.079      0.023      5.098      5.099      0.000
  2221         22  gamma               91  1955     0     0     0     0     0     -0.265      0.076    194.285    194.285      0.000
  2222         22  gamma               91  1964     0     0     0     0     0     -0.055      0.144     -1.820      1.827      0.000
  2223         22  gamma               91  1964     0     0     0     0     0     -0.170      0.132     -1.521      1.536      0.000
  2224         22  gamma               91  1971     0     0     0     0     0     -0.060     -0.001      0.047      0.076      0.000
  2225         22  gamma               91  1971     0     0     0     0     0     -0.121     -0.218      0.376      0.451      0.000
  2226         22  gamma               91  1976     0     0     0     0     0     -0.031      0.081      0.179      0.199      0.000
  2227         22  gamma               91  1976     0     0     0     0     0      0.016      0.002      0.439      0.439      0.000
  2228         22  gamma               91  1979     0     0     0     0     0     -0.599      0.075      1.142      1.291      0.000
  2229         22  gamma               91  1979     0     0     0     0     0     -0.069     -0.006      0.060      0.091      0.000
  2230         22  gamma               91  1984     0     0     0     0     0     -0.040     -0.056      0.011      0.070      0.000
  2231         22  gamma               91  1984     0     0     0     0     0     -0.018     -0.354      0.315      0.474      0.000
  2232         22  gamma               91  1987     0     0     0     0     0      0.093     -0.020      1.295      1.299      0.000
  2233         22  gamma               91  1987     0     0     0     0     0     -0.030      0.020      0.155      0.159      0.000
  2234         22  gamma               91  1988     0     0     0     0     0      0.089     -0.039      0.757      0.763      0.000
  2235         22  gamma               91  1988     0     0     0     0     0     -0.034     -0.080      0.438      0.446      0.000
  2236         22  gamma               91  1989     0     0     0     0     0      0.040      0.013      0.435      0.437      0.000
  2237         22  gamma               91  1989     0     0     0     0     0     -0.100      0.100      2.137      2.141      0.000
  2238         22  gamma               91  1990     0     0     0     0     0     -0.083      0.017     -0.359      0.369      0.000
  2239         22  gamma               91  1990     0     0     0     0     0     -0.014      0.147     -0.513      0.534      0.000
  2240         22  gamma               91  1991     0     0     0     0     0     -0.010      0.011     -0.217      0.217      0.000
  2241         22  gamma               91  1991     0     0     0     0     0     -0.055      0.002     -0.012      0.057      0.000
  2242         22  gamma               91  1992     0     0     0     0     0     -0.097     -0.071     -0.171      0.209      0.000
  2243         22  gamma               91  1992     0     0     0     0     0     -0.126      0.058     -0.269      0.303      0.000
  2244         22  gamma               91  1993     0     0     0     0     0     -0.001      0.046     -0.195      0.200      0.000
  2245         22  gamma               91  1993     0     0     0     0     0      0.032     -0.077     -0.132      0.156      0.000
  2246         22  gamma               91  1994     0     0     0     0     0      0.016     -0.019     -0.349      0.350      0.000
  2247         22  gamma               91  1994     0     0     0     0     0     -0.111     -0.193     -0.840      0.869      0.000
  2248        111  (pi0)              -91  1995     0  2277  2278     0     0     -0.147     -0.092     -0.668      0.703      0.135
  2249        111  (pi0)              -91  1995     0  2279  2280     0     0     -0.059     -0.059     -0.154      0.221      0.135
  2250        111  (pi0)              -91  1995     0  2281  2282     0     0      0.038      0.064     -0.388      0.418      0.135
  2251         22  gamma               91  2000     0     0     0     0     0      0.059     -0.042     -6.698      6.698      0.000
  2252         22  gamma               91  2000     0     0     0     0     0      0.139     -0.246    -59.352     59.353      0.000
  2253         22  gamma               91  2007     0     0     0     0     0     -0.106     -0.126     -6.436      6.438      0.000
  2254         22  gamma               91  2007     0     0     0     0     0     -0.095     -0.374    -11.231     11.238      0.000
  2255         22  gamma               91  2014     0     0     0     0     0     -0.026     -0.022     -1.360      1.360      0.000
  2256         22  gamma               91  2014     0     0     0     0     0     -0.195      0.191     -7.280      7.285      0.000
  2257         22  gamma               91  2027     0     0     0     0     0     -0.033     -0.011     -0.158      0.162      0.000
  2258         22  gamma               91  2027     0     0     0     0     0     -0.283     -0.499     -4.833      4.867      0.000
  2259         22  gamma               91  2030     0     0     0     0     0      0.048     -0.275     -0.484      0.559      0.000
  2260         22  gamma               91  2030     0     0     0     0     0     -0.018      0.001     -0.005      0.019      0.000
  2261        323  (K*+)              -91  2033     0  2283  2284     0     0     -0.672      0.128     -0.563      1.280      0.924
  2262       -213  (rho-)             -91  2033     0  2285  2286     0     0     -0.908     -0.047     -1.713      2.061      0.697
  2263         22  gamma               91  2034     0     0     0     0     0     -0.044      0.072     -0.069      0.109      0.000
  2264         22  gamma               91  2034     0     0     0     0     0     -0.114     -0.043     -0.167      0.207      0.000
  2265         22  gamma               91  2042     0     0     0     0     0     -0.190      0.879     10.242     10.282      0.000
  2266         22  gamma               91  2042     0     0     0     0     0     -0.072      0.224      2.037      2.051      0.000
  2267         22  gamma               91  2053     0     0     0     0     0     -0.037     -0.143     27.277     27.278      0.000
  2268         22  gamma               91  2053     0     0     0     0     0     -0.249     -0.219     73.140     73.141      0.000
  2269         22  gamma               91  2054     0     0     0     0     0     -0.012      0.025      0.956      0.956      0.000
  2270         22  gamma               91  2054     0     0     0     0     0      0.024      0.033     23.463     23.463      0.000
  2271         22  gamma               91  2055     0     0     0     0     0     -0.065      0.001     17.487     17.487      0.000
  2272         22  gamma               91  2055     0     0     0     0     0      0.046      0.084     26.281     26.281      0.000
  2273         22  gamma               91  2056     0     0     0     0     0     -0.122      0.107     47.623     47.623      0.000
  2274         22  gamma               91  2056     0     0     0     0     0     -0.158      0.284     59.118     59.119      0.000
  2275         22  gamma               91  2190     0     0     0     0     0      0.230      0.058     -0.376      0.445      0.000
  2276         22  gamma               91  2190     0     0     0     0     0      0.010      0.026     -0.173      0.175      0.000
  2277         22  gamma               91  2248     0     0     0     0     0     -0.123     -0.120     -0.615      0.638      0.000
  2278         22  gamma               91  2248     0     0     0     0     0     -0.025      0.028     -0.054      0.065      0.000
  2279         22  gamma               91  2249     0     0     0     0     0     -0.014      0.033      0.000      0.036      0.000
  2280         22  gamma               91  2249     0     0     0     0     0     -0.045     -0.092     -0.154      0.185      0.000
  2281         22  gamma               91  2250     0     0     0     0     0      0.028      0.056     -0.052      0.081      0.000
  2282         22  gamma               91  2250     0     0     0     0     0      0.010      0.008     -0.336      0.337      0.000
  2283        311  (K0)               -91  2261     0  2287  2287     0     0     -0.778      0.067     -0.583      1.094      0.498
  2284        211  pi+                 91  2261     0     0     0     0     0      0.105      0.061      0.020      0.186      0.140
  2285       -211  pi-                 91  2262     0     0     0     0     0     -0.451     -0.063     -1.429      1.506      0.140
  2286        111  (pi0)              -91  2262     0  2288  2289     0     0     -0.456      0.016     -0.284      0.555      0.135
  2287        130  K_L0                91  2283  2283     0     0     0     0     -0.778      0.067     -0.583      1.094      0.498
  2288         22  gamma               91  2286     0     0     0     0     0     -0.317      0.054     -0.142      0.352      0.000
  2289         22  gamma               91  2286     0     0     0     0     0     -0.139     -0.039     -0.143      0.203      0.000
  2290          1  (d)                -73  1814  1813  2299  2299   383     0    -10.573      6.916    -47.250     48.916      0.782
  2291          1  (d)                -71  1816  1816  2293  2294   386     0    -26.565     12.518   -101.813    105.964      0.330
  2292         -1  (dbar)             -71  1815  1815  2293  2294     0   386    -14.472      6.323    -58.029     60.140      0.330
  2293       -213  (rho-)             -82  2291  2292  2361  2362     0     0    -30.891     13.631   -119.436    124.120      0.814
  2294        211  pi+                 82  2291  2292     0     0     0     0    -10.146      5.210    -40.406     41.985      0.140
  2295          5  (b)                -71  1820  1820  2297  2298   387     0     -4.341      3.901    -15.547     17.286      4.800
  2296         -5  (bbar)             -71  1819  1819  2297  2298     0   387    -15.408      8.772    -68.096     70.530      4.800
  2297       -511  (Bbar0)            -83  2295  2296  2386  2389     0     0     -5.564      4.573    -20.163     22.052      5.280
  2298        513  (B*0)              -84  2295  2296  2390  2391     0     0    -14.184      8.099    -63.480     65.764      5.325
  2299          1  (d)                -71  2290  2290  2301  2303   383     0    -10.573      6.916    -47.250     48.916      0.782
  2300         -1  (dbar)             -71  1810  1810  2301  2303     0   383    -27.251     20.772   -147.394    151.324      0.330
  2301       -211  pi-                 83  2299  2300     0     0     0     0     -8.550      5.922    -39.321     40.674      0.140
  2302        223  (omega)            -83  2299  2300  2392  2394     0     0     -5.766      3.854    -27.456     28.329      0.786
  2303        211  pi+                 84  2299  2300     0     0     0     0    -23.507     17.912   -127.867    131.238      0.140
  2304        423  (D*0)              -83  1821  1822  2395  2396     0     0    -67.183     23.243   -147.584    163.826      2.007
  2305        211  pi+                 83  1821  1822     0     0     0     0     -0.198      0.216     -0.783      0.847      0.140
  2306        221  (eta)              -84  1821  1822  2397  2398     0     0     -5.452      1.831    -11.740     13.084      0.548
  2307       -411  (D-)               -84  1821  1822  2399  2401     0     0     -7.724      4.631    -27.392     28.895      1.870
  2308          3  (s)                -71  1847  1847  2312  2319   399     0     57.677    -38.679     89.097    112.966      0.500
  2309         21  (g)                -71  1850  1850  2312  2319   400   399     19.495    -13.499     28.759     37.274      0.000
  2310         21  (g)                -71  1851  1851  2312  2319   398   400      6.409     -3.776     10.913     13.208      0.000
  2311         -3  (sbar)             -71  1852  1852  2312  2319     0   398     48.722    -31.171     89.206    106.318      0.500
  2312       -313  (K*bar0)           -83  2308  2311  2363  2364     0     0     56.420    -37.856     86.924    110.331      0.891
  2313       -211  pi-                 83  2308  2311     0     0     0     0      2.385     -1.725      3.569      4.628      0.140
  2314        211  pi+                 83  2308  2311     0     0     0     0      8.035     -4.970     14.554     17.353      0.140
  2315       2112  n0                  84  2308  2311     0     0     0     0     16.505    -11.201     25.171     32.130      0.940
  2316      -2214  (Deltabar-)        -84  2308  2311  2365  2366     0     0     15.528    -10.036     27.564     33.221      1.410
  2317        211  pi+                 84  2308  2311     0     0     0     0     15.381     -9.587     26.669     32.245      0.140
  2318       -211  pi-                 84  2308  2311     0     0     0     0      2.739     -1.925      5.657      6.575      0.140
  2319        321  K+                  84  2308  2311     0     0     0     0     15.311     -9.825     27.867     33.283      0.494
  2320       -211  pi-                 83  1842  1844     0     0     0     0      9.368     -3.403     13.522     16.799      0.140
  2321        111  (pi0)              -83  1842  1844  2402  2403     0     0      7.241     -3.296     11.432     13.929      0.135
  2322        213  (rho+)             -83  1842  1844  2367  2368     0     0      6.588     -2.979      9.892     12.274      0.726
  2323       -211  pi-                 83  1842  1844     0     0     0     0      5.376     -2.001      7.947      9.802      0.140
  2324        211  pi+                 83  1842  1844     0     0     0     0      3.187     -1.390      4.512      5.698      0.140
  2325       -211  pi-                 83  1842  1844     0     0     0     0      5.739     -2.715      9.237     11.210      0.140
  2326        211  pi+                 84  1842  1844     0     0     0     0     11.667     -6.645     16.344     21.152      0.140
  2327       -211  pi-                 84  1842  1844     0     0     0     0      3.823     -2.285      4.699      6.476      0.140
  2328        223  (omega)            -84  1842  1844  2404  2405     0     0     44.979    -24.079     59.398     78.304      0.789
  2329        211  pi+                 84  1842  1844     0     0     0     0     34.665    -19.344     46.766     61.343      0.140
  2330          2  (u)                -71  1831  1831  2335  2347   392     0      4.750     -7.303     11.726     14.612      0.330
  2331         21  (g)                -71  1837  1837  2335  2347   393   392     12.927     -5.956     16.138     21.518      0.000
  2332         21  (g)                -71  1836  1836  2335  2347   395   393      7.516     -3.163     11.471     14.073      0.000
  2333         21  (g)                -71  1835  1835  2335  2347   394   395      0.399     -0.039      0.216      0.456      0.000
  2334         -2  (ubar)             -71  1832  1832  2335  2347     0   394      0.881      1.124      1.218      1.905      0.330
  2335        111  (pi0)              -83  2330  2334  2406  2407     0     0      0.312     -0.528      0.935      1.127      0.135
  2336        223  (omega)            -83  2330  2334  2408  2409     0     0      3.420     -4.457      7.744      9.599      0.785
  2337        213  (rho+)             -83  2330  2334  2369  2370     0     0      2.867     -2.329      3.829      5.362      0.666
  2338        221  (eta)              -83  2330  2334  2410  2412     0     0      2.594     -1.010      3.652      4.624      0.548
  2339       -213  (rho-)             -83  2330  2334  2371  2372     0     0      2.929     -1.602      4.028      5.324      0.986
  2340        213  (rho+)             -83  2330  2334  2373  2374     0     0      5.701     -3.718      7.762     10.349      0.724
  2341       -211  pi-                 84  2330  2334     0     0     0     0      3.955     -1.249      5.622      6.988      0.140
  2342        213  (rho+)             -84  2330  2334  2375  2376     0     0      2.047     -0.886      2.922      3.759      0.787
  2343        111  (pi0)              -84  2330  2334  2413  2414     0     0      0.431     -0.053      0.671      0.810      0.135
  2344        111  (pi0)              -84  2330  2334  2415  2416     0     0      0.723      0.341      1.769      1.946      0.135
  2345       -211  pi-                 84  2330  2334     0     0     0     0      0.407      0.294      0.292      0.597      0.140
  2346        221  (eta)              -84  2330  2334  2417  2419     0     0      1.009     -0.135      1.536      1.922      0.548
  2347        111  (pi0)              -84  2330  2334  2420  2421     0     0      0.079     -0.007      0.007      0.157      0.135
  2348          1  (d)                -71  1800  1800  2353  2360   381     0    -16.440      8.695    -79.439     81.588      0.330
  2349         21  (g)                -71  1801  1801  2353  2360   380   381    -17.392      7.572    -81.524     83.701      0.000
  2350         21  (g)                -71  1803  1803  2353  2360   382   380     -0.838      1.028     -2.926      3.213      0.000
  2351         21  (g)                -71  1804  1804  2353  2360   379   382     -0.627      0.603     -5.960      6.023      0.000
  2352         -1  (dbar)             -71  1805  1805  2353  2360     0   379    -34.523     26.018   -164.037    169.638      0.330
  2353       -211  pi-                 83  2348  2352     0     0     0     0     -2.881      1.495    -13.260     13.652      0.140
  2354        221  (eta)              -83  2348  2352  2422  2424     0     0    -13.740      6.950    -66.922     68.673      0.548
  2355        213  (rho+)             -83  2348  2352  2377  2378     0     0     -8.078      4.747    -36.314     37.511      0.792
  2356        313  (K*0)              -83  2348  2352  2379  2380     0     0     -6.962      2.534    -32.787     33.626      0.907
  2357       -323  (K*-)              -83  2348  2352  2381  2382     0     0     -3.980      1.786    -20.123     20.612      0.947
  2358        111  (pi0)              -83  2348  2352  2425  2426     0     0     -0.193      0.425     -2.488      2.535      0.135
  2359        223  (omega)            -84  2348  2352  2427  2429     0     0    -14.286     11.117    -68.626     70.977      0.783
  2360        213  (rho+)             -84  2348  2352  2383  2384     0     0    -19.700     14.863    -93.365     96.575      0.826
  2361       -211  pi-                 91  2293     0     0     0     0     0     -4.396      2.214    -17.378     18.062      0.140
  2362        111  (pi0)              -91  2293     0  2430  2431     0     0    -26.495     11.416   -102.059    106.058      0.135
  2363       -321  K-                  91  2312     0     0     0     0     0     33.531    -22.170     51.556     65.377      0.494
  2364        211  pi+                 91  2312     0     0     0     0     0     22.888    -15.686     35.368     44.954      0.140
  2365      -2212  pbar-               91  2316     0     0     0     0     0      7.141     -4.651     12.562     15.209      0.938
  2366        111  (pi0)              -91  2316     0  2432  2433     0     0      8.387     -5.385     15.002     18.012      0.135
  2367        211  pi+                 91  2322     0     0     0     0     0      1.286     -0.485      2.302      2.684      0.140
  2368        111  (pi0)              -91  2322     0  2434  2435     0     0      5.303     -2.494      7.590      9.589      0.135
  2369        211  pi+                 91  2337     0     0     0     0     0      0.811     -0.375      1.093      1.418      0.140
  2370        111  (pi0)              -91  2337     0  2436  2437     0     0      2.056     -1.954      2.737      3.944      0.135
  2371       -211  pi-                 91  2339     0     0     0     0     0      2.406     -1.215      3.709      4.587      0.140
  2372        111  (pi0)              -91  2339     0  2438  2439     0     0      0.523     -0.387      0.320      0.737      0.135
  2373        211  pi+                 91  2340     0     0     0     0     0      0.213     -0.189      0.404      0.513      0.140
  2374        111  (pi0)              -91  2340     0  2440  2441     0     0      5.488     -3.528      7.359      9.835      0.135
  2375        211  pi+                 91  2342     0     0     0     0     0      0.179     -0.280      0.723      0.808      0.140
  2376        111  (pi0)              -91  2342     0  2442  2443     0     0      1.868     -0.605      2.199      2.951      0.135
  2377        211  pi+                 91  2355     0     0     0     0     0     -2.303      1.741    -10.964     11.339      0.140
  2378        111  (pi0)              -91  2355     0  2444  2445     0     0     -5.775      3.006    -25.349     26.172      0.135
  2379        321  K+                  91  2356     0     0     0     0     0     -6.434      2.175    -29.765     30.534      0.494
  2380       -211  pi-                 91  2356     0     0     0     0     0     -0.528      0.359     -3.022      3.092      0.140
  2381       -311  (Kbar0)            -91  2357     0  2385  2385     0     0     -2.141      0.641    -10.745     10.986      0.498
  2382       -211  pi-                 91  2357     0     0     0     0     0     -1.840      1.145     -9.379      9.627      0.140
  2383        211  pi+                 91  2360     0     0     0     0     0     -2.381      1.539    -11.089     11.446      0.140
  2384        111  (pi0)              -91  2360     0  2446  2447     0     0    -17.319     13.324    -82.276     85.129      0.135
  2385        130  K_L0                91  2381  2381     0     0     0     0     -2.141      0.641    -10.745     10.986      0.498
  2386        113  (rho0)             -91  2297     0  2448  2449     0     0     -3.056      1.879     -8.897      9.628      0.823
  2387        111  (pi0)              -91  2297     0  2450  2451     0     0      0.007      0.905     -2.847      2.990      0.135
  2388       -211  pi-                 91  2297     0     0     0     0     0     -1.512      0.324     -3.546      3.871      0.140
  2389        413  (D*+)              -91  2297     0  2452  2453     0     0     -1.003      1.466     -4.873      5.563      2.010
  2390        511  (B0)               -91  2298     0  2454  2461     0     0    -14.092      8.094    -63.105     65.377      5.280
  2391         22  gamma               91  2298     0     0     0     0     0     -0.092      0.005     -0.375      0.386      0.000
  2392        211  pi+                 91  2302     0     0     0     0     0     -0.602      0.544     -3.097      3.205      0.140
  2393       -211  pi-                 91  2302     0     0     0     0     0     -3.036      1.827    -14.835     15.253      0.140
  2394        111  (pi0)              -91  2302     0  2462  2463     0     0     -2.128      1.484     -9.523      9.871      0.135
  2395        421  (D0)               -91  2304     0  2464  2466     0     0    -60.418     21.028   -132.756    147.377      1.865
  2396         22  gamma               91  2304     0     0     0     0     0     -6.765      2.215    -14.828     16.448      0.000
  2397         22  gamma               91  2306     0     0     0     0     0     -5.198      1.615    -11.111     12.373      0.000
  2398         22  gamma               91  2306     0     0     0     0     0     -0.253      0.216     -0.629      0.712      0.000
  2399         13  mu-                 91  2307     0     0     0     0     0     -1.479      1.129     -5.506      5.813      0.106
  2400        -14  nu_mubar            91  2307     0     0     0     0     0     -2.348      0.586     -6.431      6.872      0.000
  2401       -311  (Kbar0)            -91  2307     0  2467  2467     0     0     -3.896      2.916    -15.454     16.210      0.498
  2402         22  gamma               91  2321     0     0     0     0     0      4.255     -1.977      6.838      8.293      0.000
  2403         22  gamma               91  2321     0     0     0     0     0      2.986     -1.319      4.594      5.635      0.000
  2404        111  (pi0)              -91  2328     0  2468  2469     0     0     31.925    -16.854     42.460     55.733      0.135
  2405         22  gamma               91  2328     0     0     0     0     0     13.054     -7.225     16.937     22.572      0.000
  2406         22  gamma               91  2335     0     0     0     0     0      0.107     -0.091      0.157      0.211      0.000
  2407         22  gamma               91  2335     0     0     0     0     0      0.205     -0.438      0.778      0.916      0.000
  2408        111  (pi0)              -91  2336     0  2470  2471     0     0      2.603     -3.871      6.407      7.926      0.135
  2409         22  gamma               91  2336     0     0     0     0     0      0.817     -0.586      1.337      1.673      0.000
  2410        111  (pi0)              -91  2338     0  2472  2473     0     0      1.215     -0.428      1.554      2.023      0.135
  2411        111  (pi0)              -91  2338     0  2474  2475     0     0      0.791     -0.210      1.139      1.409      0.135
  2412        111  (pi0)              -91  2338     0  2476  2477     0     0      0.587     -0.372      0.959      1.192      0.135
  2413         22  gamma               91  2343     0     0     0     0     0      0.323     -0.041      0.594      0.677      0.000
  2414         22  gamma               91  2343     0     0     0     0     0      0.108     -0.012      0.077      0.133      0.000
  2415         22  gamma               91  2344     0     0     0     0     0      0.557      0.306      1.295      1.442      0.000
  2416         22  gamma               91  2344     0     0     0     0     0      0.166      0.036      0.474      0.504      0.000
  2417        111  (pi0)              -91  2346     0  2478  2479     0     0      0.323     -0.066      0.613      0.709      0.135
  2418        111  (pi0)              -91  2346     0  2480  2481     0     0      0.080      0.025      0.209      0.262      0.135
  2419        111  (pi0)              -91  2346     0  2482  2483     0     0      0.606     -0.094      0.715      0.952      0.135
  2420         22  gamma               91  2347     0     0     0     0     0      0.043      0.055     -0.030      0.076      0.000
  2421         22  gamma               91  2347     0     0     0     0     0      0.037     -0.062      0.037      0.081      0.000
  2422        111  (pi0)              -91  2354     0  2484  2485     0     0     -5.465      2.789    -26.266     26.973      0.135
  2423        111  (pi0)              -91  2354     0  2486  2487     0     0     -3.963      1.939    -19.868     20.353      0.135
  2424        111  (pi0)              -91  2354     0  2488  2489     0     0     -4.312      2.223    -20.788     21.347      0.135
  2425         22  gamma               91  2358     0     0     0     0     0     -0.182      0.279     -1.525      1.561      0.000
  2426         22  gamma               91  2358     0     0     0     0     0     -0.011      0.146     -0.963      0.974      0.000
  2427        211  pi+                 91  2359     0     0     0     0     0     -6.115      4.558    -27.902     28.926      0.140
  2428       -211  pi-                 91  2359     0     0     0     0     0     -4.222      3.369    -21.370     22.042      0.140
  2429        111  (pi0)              -91  2359     0  2490  2491     0     0     -3.949      3.190    -19.354     20.009      0.135
  2430         22  gamma               91  2362     0     0     0     0     0    -10.976      4.787    -42.213     43.879      0.000
  2431         22  gamma               91  2362     0     0     0     0     0    -15.519      6.629    -59.845     62.179      0.000
  2432         22  gamma               91  2366     0     0     0     0     0      4.346     -2.869      7.815      9.391      0.000
  2433         22  gamma               91  2366     0     0     0     0     0      4.042     -2.516      7.188      8.621      0.000
  2434         22  gamma               91  2368     0     0     0     0     0      5.148     -2.427      7.335      9.284      0.000
  2435         22  gamma               91  2368     0     0     0     0     0      0.154     -0.066      0.255      0.305      0.000
  2436         22  gamma               91  2370     0     0     0     0     0      1.226     -1.117      1.520      2.250      0.000
  2437         22  gamma               91  2370     0     0     0     0     0      0.831     -0.837      1.217      1.694      0.000
  2438         22  gamma               91  2372     0     0     0     0     0      0.001     -0.008     -0.010      0.013      0.000
  2439         22  gamma               91  2372     0     0     0     0     0      0.522     -0.378      0.330      0.724      0.000
  2440         22  gamma               91  2374     0     0     0     0     0      1.300     -0.773      1.672      2.255      0.000
  2441         22  gamma               91  2374     0     0     0     0     0      4.188     -2.755      5.686      7.581      0.000
  2442         22  gamma               91  2376     0     0     0     0     0      1.768     -0.552      2.106      2.805      0.000
  2443         22  gamma               91  2376     0     0     0     0     0      0.100     -0.053      0.093      0.147      0.000
  2444         22  gamma               91  2378     0     0     0     0     0     -5.297      2.762    -23.404     24.154      0.000
  2445         22  gamma               91  2378     0     0     0     0     0     -0.478      0.243     -1.946      2.018      0.000
  2446         22  gamma               91  2384     0     0     0     0     0    -16.314     12.574    -77.455     80.147      0.000
  2447         22  gamma               91  2384     0     0     0     0     0     -1.005      0.750     -4.821      4.982      0.000
  2448        211  pi+                 91  2386     0     0     0     0     0     -1.268      0.351     -3.338      3.590      0.140
  2449       -211  pi-                 91  2386     0     0     0     0     0     -1.787      1.528     -5.560      6.038      0.140
  2450         22  gamma               91  2387     0     0     0     0     0     -0.058      0.363     -1.232      1.285      0.000
  2451         22  gamma               91  2387     0     0     0     0     0      0.065      0.542     -1.615      1.705      0.000
  2452        421  (D0)               -91  2389     0  2492  2497     0     0     -0.913      1.387     -4.487      5.135      1.865
  2453        211  pi+                 91  2389     0     0     0     0     0     -0.090      0.079     -0.386      0.428      0.140
  2454        111  (pi0)              -91  2390     0  2498  2499     0     0     -0.316      0.141     -1.044      1.108      0.135
  2455        111  (pi0)              -91  2390     0  2500  2501     0     0     -0.433      0.218     -2.018      2.080      0.135
  2456        321  K+                  91  2390     0     0     0     0     0     -1.619      0.859     -6.603      6.870      0.494
  2457       -323  (K*-)              -91  2390     0  2502  2503     0     0     -2.626      1.614    -11.740     12.174      0.940
  2458        323  (K*+)              -91  2390     0  2504  2505     0     0     -2.758      1.401    -11.876     12.305      0.895
  2459       -321  K-                  91  2390     0     0     0     0     0     -1.440      0.845     -6.951      7.166      0.494
  2460        211  pi+                 91  2390     0     0     0     0     0     -0.270      0.280     -1.503      1.559      0.140
  2461       -411  (D-)               -91  2390     0  2506  2507     0     0     -4.630      2.735    -21.370     22.115      1.870
  2462         22  gamma               91  2394     0     0     0     0     0     -2.041      1.409     -8.995      9.330      0.000
  2463         22  gamma               91  2394     0     0     0     0     0     -0.087      0.075     -0.528      0.541      0.000
  2464       -321  K-                  91  2395     0     0     0     0     0    -26.614      8.920    -57.572     64.052      0.494
  2465        211  pi+                 91  2395     0     0     0     0     0    -27.267      9.380    -60.817     67.307      0.140
  2466        111  (pi0)              -91  2395     0  2508  2509     0     0     -6.537      2.729    -14.366     16.018      0.135
  2467        130  K_L0                91  2401  2401     0     0     0     0     -3.896      2.916    -15.454     16.210      0.498
  2468         22  gamma               91  2404     0     0     0     0     0     13.079     -6.836     17.398     22.814      0.000
  2469         22  gamma               91  2404     0     0     0     0     0     18.847    -10.018     25.062     32.919      0.000
  2470         22  gamma               91  2408     0     0     0     0     0      1.435     -2.253      3.653      4.525      0.000
  2471         22  gamma               91  2408     0     0     0     0     0      1.167     -1.618      2.754      3.401      0.000
  2472         22  gamma               91  2410     0     0     0     0     0      0.462     -0.226      0.661      0.837      0.000
  2473         22  gamma               91  2410     0     0     0     0     0      0.754     -0.202      0.894      1.186      0.000
  2474         22  gamma               91  2411     0     0     0     0     0      0.498     -0.135      0.824      0.972      0.000
  2475         22  gamma               91  2411     0     0     0     0     0      0.294     -0.075      0.315      0.437      0.000
  2476         22  gamma               91  2412     0     0     0     0     0      0.382     -0.211      0.697      0.822      0.000
  2477         22  gamma               91  2412     0     0     0     0     0      0.205     -0.161      0.262      0.369      0.000
  2478         22  gamma               91  2417     0     0     0     0     0      0.017     -0.041      0.121      0.128      0.000
  2479         22  gamma               91  2417     0     0     0     0     0      0.307     -0.025      0.492      0.580      0.000
  2480         22  gamma               91  2418     0     0     0     0     0     -0.021     -0.004      0.130      0.131      0.000
  2481         22  gamma               91  2418     0     0     0     0     0      0.100      0.029      0.079      0.131      0.000
  2482         22  gamma               91  2419     0     0     0     0     0      0.084     -0.052      0.165      0.192      0.000
  2483         22  gamma               91  2419     0     0     0     0     0      0.522     -0.042      0.550      0.760      0.000
  2484         22  gamma               91  2422     0     0     0     0     0     -4.888      2.538    -23.622     24.256      0.000
  2485         22  gamma               91  2422     0     0     0     0     0     -0.577      0.250     -2.644      2.718      0.000
  2486         22  gamma               91  2423     0     0     0     0     0     -3.022      1.497    -14.931     15.307      0.000
  2487         22  gamma               91  2423     0     0     0     0     0     -0.941      0.441     -4.937      5.045      0.000
  2488         22  gamma               91  2424     0     0     0     0     0     -2.377      1.198    -11.129     11.443      0.000
  2489         22  gamma               91  2424     0     0     0     0     0     -1.935      1.024     -9.659      9.904      0.000
  2490         22  gamma               91  2429     0     0     0     0     0     -3.335      2.742    -16.336     16.897      0.000
  2491         22  gamma               91  2429     0     0     0     0     0     -0.614      0.448     -3.018      3.112      0.000
  2492        311  (K0)               -91  2452     0  2510  2510     0     0     -0.332      0.372     -1.238      1.425      0.498
  2493        211  pi+                 91  2452     0     0     0     0     0     -0.260      0.253     -0.279      0.478      0.140
  2494       -211  pi-                 91  2452     0     0     0     0     0     -0.095      0.113     -0.756      0.783      0.140
  2495        111  (pi0)              -91  2452     0  2511  2512     0     0      0.075      0.215     -1.256      1.283      0.135
  2496        111  (pi0)              -91  2452     0  2513  2514     0     0     -0.153      0.208     -0.735      0.790      0.135
  2497        111  (pi0)              -91  2452     0  2515  2516     0     0     -0.147      0.226     -0.224      0.376      0.135
  2498         22  gamma               91  2454     0     0     0     0     0     -0.150      0.089     -0.715      0.736      0.000
  2499         22  gamma               91  2454     0     0     0     0     0     -0.166      0.052     -0.329      0.372      0.000
  2500         22  gamma               91  2455     0     0     0     0     0     -0.050      0.078     -0.297      0.311      0.000
  2501         22  gamma               91  2455     0     0     0     0     0     -0.383      0.140     -1.721      1.769      0.000
  2502       -311  (Kbar0)            -91  2457     0  2517  2517     0     0     -0.786      0.685     -4.040      4.202      0.498
  2503       -211  pi-                 91  2457     0     0     0     0     0     -1.840      0.929     -7.700      7.973      0.140
  2504        311  (K0)               -91  2458     0  2518  2518     0     0     -1.915      1.236     -9.180      9.472      0.498
  2505        211  pi+                 91  2458     0     0     0     0     0     -0.843      0.165     -2.696      2.833      0.140
  2506     -20213  (a_1(1260)-)       -91  2461     0  2519  2520     0     0     -3.131      1.831    -15.811     16.266      1.200
  2507       -311  (Kbar0)            -91  2461     0  2521  2521     0     0     -1.499      0.904     -5.559      5.849      0.498
  2508         22  gamma               91  2466     0     0     0     0     0     -3.454      1.437     -7.738      8.594      0.000
  2509         22  gamma               91  2466     0     0     0     0     0     -3.084      1.292     -6.629      7.424      0.000
  2510        130  K_L0                91  2492  2492     0     0     0     0     -0.332      0.372     -1.238      1.425      0.498
  2511         22  gamma               91  2495     0     0     0     0     0      0.065      0.172     -1.192      1.206      0.000
  2512         22  gamma               91  2495     0     0     0     0     0      0.009      0.043     -0.064      0.078      0.000
  2513         22  gamma               91  2496     0     0     0     0     0     -0.035      0.132     -0.485      0.504      0.000
  2514         22  gamma               91  2496     0     0     0     0     0     -0.118      0.076     -0.250      0.287      0.000
  2515         22  gamma               91  2497     0     0     0     0     0     -0.082      0.019     -0.062      0.105      0.000
  2516         22  gamma               91  2497     0     0     0     0     0     -0.065      0.208     -0.162      0.271      0.000
  2517        310  K_S0                91  2502  2502     0     0     0     0     -0.786      0.685     -4.040      4.202      0.498
  2518        130  K_L0                91  2504  2504     0     0     0     0     -1.915      1.236     -9.180      9.472      0.498
  2519       -211  pi-                 91  2506     0     0     0     0     0     -0.889      0.281     -2.945      3.092      0.140
  2520        113  (rho0)             -91  2506     0  2522  2523     0     0     -2.241      1.549    -12.866     13.174      0.765
  2521        310  K_S0                91  2507  2507     0     0     0     0     -1.499      0.904     -5.559      5.849      0.498
  2522        211  pi+                 91  2520     0     0     0     0     0     -1.968      1.119    -11.139     11.368      0.140
  2523       -211  pi-                 91  2520     0     0     0     0     0     -0.273      0.430     -1.727      1.806      0.140
                                   Charge sum:  2.000           Momentum sum:      0.000      0.000     -0.000  13600.000  13600.000

 --------  End PYTHIA Event Listing  -----------------------------------------------------------------------------------------------
 PYTHIA Warning in SimpleSpaceShower::pT2nextQCD: small daughter PDF
 PYTHIA Error in BeamRemnants::setKinematics: kinematics construction failed after retrying 10 times
 PYTHIA Warning in StringFragmentation::fragmentToJunction: bad convergence junction rest frame

 *-------  PYTHIA Event and Cross Section Statistics  -------------------------------------------------------------*
 |                                                                                                                 |
 | Subprocess                                    Code |            Number of events       |      sigma +- delta    |
 |                                                    |       Tried   Selected   Accepted |     (estimated) (mb)   |
 |                                                    |                                   |                        |
 |-----------------------------------------------------------------------------------------------------------------|
 |                                                    |                                   |                        |
 | f fbar -> Zv                                  4941 |        5242       1000       1000 |   4.172e-10  7.429e-12 |
 |                                                    |                                   |                        |
 | sum                                                |        5242       1000       1000 |   4.172e-10  7.429e-12 |
 |                                                                                                                 |
 *-------  End PYTHIA Event and Cross Section Statistics ----------------------------------------------------------*

 *-------  PYTHIA Error and Warning Messages Statistics  ----------------------------------------------------------* 
 |                                                                                                                 | 
 |  times   message                                                                                                | 
 |                                                                                                                 | 
 |      4   Error in BeamRemnants::setKinematics: kinematics construction failed after retrying 10 times           | 
 |   1500   Warning in SimpleSpaceShower::pT2nextQCD: small daughter PDF                                           | 
 |    365   Warning in SimpleSpaceShower::pT2nextQCD: weight above unity                                           | 
 |      2   Warning in SimpleTimeShower::init: pTmin too low                                                       | 
 |      2   Warning in StringFragmentation::fragmentToJunction: bad convergence junction rest frame                | 
 |                                                                                                                 | 
 *-------  End PYTHIA Error and Warning Messages Statistics  ------------------------------------------------------* 
Thanks for using LHAPDF 6.5.3. Please make sure to cite the paper:
  Eur.Phys.J. C75 (2015) 3, 132  (http://arxiv.org/abs/1412.7420)
